peak,chr,start,end,group
union_peak_18207,chr2,34139536,34140191,A
union_peak_24189,chr5,31408001,31409095,A
union_peak_20004,chr2,172407180,172408030,A
union_peak_6814,chr11,117994225,117994912,A
union_peak_19969,chr2,169589704,169590646,A
union_peak_21142,chr3,99193378,99194501,A
union_peak_25317,chr5,121099845,121100718,A
union_peak_11910,chr15,75988850,75989689,A
union_peak_7225,chr12,25455307,25456175,A
union_peak_9882,chr13,119614205,119615226,A
union_peak_15,chr1,6466424,6467720,A
union_peak_8893,chr13,43485111,43485758,A
union_peak_9149,chr13,55640381,55641353,A
union_peak_15487,chr17,86880323,86881205,A
union_peak_30438,chr8,46640998,46641636,A
union_peak_19867,chr2,166625205,166625975,A
union_peak_5077,chr11,57911444,57912481,A
union_peak_14333,chr17,28365830,28366644,A
union_peak_25195,chr5,115132036,115133765,A
union_peak_14955,chr17,50083637,50084596,A
union_peak_20255,chr3,21837728,21838670,A
union_peak_14350,chr17,28590797,28591365,A
union_peak_26989,chr6,91705512,91706585,A
union_peak_27380,chr6,122532690,122533254,A
union_peak_9025,chr13,51472352,51473363,A
union_peak_599,chr1,60874722,60875949,A
union_peak_18352,chr2,46370861,46372116,A
union_peak_8387,chr12,118424075,118424560,A
union_peak_17882,chr2,25147657,25148532,A
union_peak_22535,chr4,63898817,63899870,A
union_peak_2328,chr10,8129599,8130985,A
union_peak_6615,chr11,113194230,113195087,A
union_peak_25460,chr5,123980580,123981364,A
union_peak_13127,chr16,33052810,33053750,A
union_peak_8000,chr12,100772877,100773853,A
union_peak_5423,chr11,71999906,72000896,A
union_peak_23660,chr4,147336865,147338253,A
union_peak_31334,chr8,120332546,120333385,A
union_peak_11668,chr15,59761787,59762825,A
union_peak_27486,chr6,127302506,127303360,A
union_peak_26874,chr6,86547364,86548492,A
union_peak_18841,chr2,90547210,90547874,A
union_peak_5964,chr11,88969956,88970695,A
union_peak_6442,chr11,104629828,104631799,A
union_peak_17653,chr2,9563405,9565007,A
union_peak_12994,chr16,24215170,24216073,A
union_peak_4753,chr11,46074165,46074882,A
union_peak_1772,chr1,164965776,164966821,A
union_peak_34177,chrX,139812751,139814545,A
union_peak_19858,chr2,166523910,166524779,A
union_peak_10583,chr14,61997828,61998718,A
union_peak_2,chr1,4747674,4748693,A
union_peak_8828,chr13,38503315,38503998,A
union_peak_27028,chr6,97387187,97388092,A
union_peak_6419,chr11,103381693,103382538,A
union_peak_32223,chr9,53435721,53437063,A
union_peak_575,chr1,60482367,60484022,A
union_peak_34056,chrX,101764493,101765227,A
union_peak_26531,chr6,54158400,54158933,A
union_peak_18017,chr2,29768702,29769519,A
union_peak_6864,chr11,119108448,119109776,A
union_peak_12269,chr15,84684392,84685133,A
union_peak_32917,chr9,95844328,95845493,A
union_peak_9040,chr13,51754225,51755428,A
union_peak_26545,chr6,54775497,54776566,A
union_peak_32548,chr9,66267009,66267657,A
union_peak_14663,chr17,35179750,35180709,A
union_peak_21817,chr3,152441982,152443488,A
union_peak_28251,chr7,25647379,25648317,A
union_peak_6499,chr11,106739793,106740465,A
union_peak_7966,chr12,99565408,99566015,A
union_peak_23594,chr4,141917619,141918384,A
union_peak_14662,chr17,35178608,35179403,A
union_peak_23071,chr4,126298483,126299200,A
union_peak_25902,chr5,146882299,146883048,A
union_peak_22636,chr4,88918161,88919089,A
union_peak_23302,chr4,133659048,133661423,A
union_peak_7660,chr12,77084523,77086380,A
union_peak_21445,chr3,116487524,116488154,A
union_peak_24551,chr5,65933554,65934160,A
union_peak_18837,chr2,90490310,90490987,A
union_peak_29809,chr7,128183904,128184691,A
union_peak_18107,chr2,31810193,31811692,A
union_peak_6596,chr11,109790066,109790933,A
union_peak_32881,chr9,92249671,92251034,A
union_peak_13724,chr16,91587609,91588444,A
union_peak_3789,chr10,98848163,98849018,A
union_peak_27618,chr6,131276181,131277198,A
union_peak_7211,chr12,25315490,25316535,A
union_peak_2220,chr1,192062361,192063337,A
union_peak_33349,chr9,118374446,118375427,A
union_peak_1053,chr1,94055562,94056441,A
union_peak_4093,chr10,122725743,122726786,A
union_peak_7186,chr12,25092527,25093225,A
union_peak_11481,chr15,38143012,38143669,A
union_peak_31622,chr9,7212104,7212782,A
union_peak_11758,chr15,64211777,64212135,A
union_peak_9879,chr13,119599629,119600553,A
union_peak_27175,chr6,112861616,112862352,A
union_peak_31207,chr8,111964166,111964793,A
union_peak_5856,chr11,86548294,86548913,A
union_peak_33627,chrX,9201508,9202327,A
union_peak_1075,chr1,97745875,97746717,A
union_peak_1253,chr1,131110065,131111399,A
union_peak_19558,chr2,152371726,152372857,A
union_peak_9232,chr13,63274403,63275360,A
union_peak_5835,chr11,85545378,85546398,A
union_peak_17018,chr19,32138079,32139190,A
union_peak_21443,chr3,116439960,116440722,A
union_peak_7416,chr12,54998603,54999720,A
union_peak_933,chr1,88267020,88268388,A
union_peak_3657,chr10,93908344,93909057,A
union_peak_10570,chr14,61589259,61590215,A
union_peak_14704,chr17,35590344,35591391,A
union_peak_13469,chr16,56133351,56134609,A
union_peak_28327,chr7,28693256,28694517,A
union_peak_28351,chr7,29025272,29026199,A
union_peak_22598,chr4,88005544,88006331,A
union_peak_9708,chr13,108861667,108862640,A
union_peak_19762,chr2,163103064,163103772,A
union_peak_15699,chr18,23912729,23913719,A
union_peak_5851,chr11,86385490,86386396,A
union_peak_18128,chr2,32164543,32165901,A
union_peak_31578,chr8,128572055,128572811,A
union_peak_9036,chr13,51736315,51736847,A
union_peak_32156,chr9,46046389,46047720,A
union_peak_34102,chrX,106703944,106705417,A
union_peak_31084,chr8,106016884,106017758,A
union_peak_17667,chr2,9871346,9872188,A
union_peak_794,chr1,80361756,80362771,A
union_peak_27358,chr6,121225973,121227287,A
union_peak_7843,chr12,85629480,85630167,A
union_peak_9849,chr13,115131242,115132008,A
union_peak_20175,chr3,9862894,9863748,A
union_peak_13420,chr16,52373959,52374853,A
union_peak_26090,chr6,17900825,17901926,A
union_peak_20618,chr3,65515992,65517169,A
union_peak_21803,chr3,149338414,149339560,A
union_peak_6707,chr11,115954882,115955522,A
union_peak_10978,chr14,103048262,103049541,A
union_peak_28978,chr7,75834654,75835854,A
union_peak_13698,chr16,91366323,91367418,A
union_peak_24893,chr5,103438937,103439816,A
union_peak_20493,chr3,52676844,52677689,A
union_peak_14931,chr17,47942880,47943731,A
union_peak_11623,chr15,58649688,58650477,A
union_peak_11099,chr14,121710818,121711705,A
union_peak_23937,chr5,3355586,3356390,A
union_peak_10726,chr14,70333347,70334590,A
union_peak_20181,chr3,9923853,9925231,A
union_peak_3999,chr10,118468737,118471164,A
union_peak_6434,chr11,104581041,104583205,A
union_peak_12073,chr15,79051869,79053294,A
union_peak_25978,chr5,149598891,149599853,A
union_peak_12623,chr15,102115353,102116376,A
union_peak_13789,chr16,93787065,93789130,A
union_peak_19276,chr2,127189395,127190436,A
union_peak_16759,chr19,10841564,10842566,A
union_peak_23501,chr4,137853620,137854644,A
union_peak_16323,chr18,79300649,79301176,A
union_peak_8877,chr13,43243031,43243930,A
union_peak_2161,chr1,187228430,187229310,A
union_peak_32279,chr9,56497498,56498495,A
union_peak_8641,chr13,23711842,23712699,A
union_peak_30942,chr8,91077230,91077822,A
union_peak_19615,chr2,154732520,154733674,A
union_peak_3381,chr10,80763098,80764120,A
union_peak_23067,chr4,126253464,126254479,A
union_peak_10637,chr14,65100875,65101536,A
union_peak_10759,chr14,72887356,72888200,A
union_peak_11480,chr15,38121502,38122847,A
union_peak_18539,chr2,66102205,66103121,A
union_peak_5736,chr11,80575382,80576376,A
union_peak_33972,chrX,76598600,76599129,A
union_peak_15696,chr18,23810827,23811579,A
union_peak_21609,chr3,133077827,133078979,A
union_peak_16316,chr18,79079613,79080493,A
union_peak_2741,chr10,39488059,39488667,A
union_peak_33629,chrX,9219344,9220236,A
union_peak_10757,chr14,72849976,72850803,A
union_peak_4754,chr11,46075523,46076558,A
union_peak_2877,chr10,44409636,44410662,A
union_peak_3113,chr10,67657332,67658567,A
union_peak_29900,chr7,135659111,135660161,A
union_peak_3452,chr10,81523829,81525230,A
union_peak_20958,chr3,90612281,90613152,A
union_peak_2815,chr10,41957359,41958120,A
union_peak_19336,chr2,128406847,128407588,A
union_peak_23388,chr4,135043468,135044206,A
union_peak_3564,chr10,88388930,88390599,A
union_peak_9564,chr13,97902832,97904125,A
union_peak_30643,chr8,71586846,71587566,A
union_peak_6769,chr11,117242292,117243541,A
union_peak_17472,chr19,56680516,56681425,A
union_peak_33272,chr9,114775520,114776084,A
union_peak_3997,chr10,118458620,118459328,A
union_peak_18564,chr2,68978502,68979298,A
union_peak_31208,chr8,111966938,111967765,A
union_peak_9625,chr13,101658816,101659715,A
union_peak_31238,chr8,115276132,115277022,A
union_peak_31001,chr8,95084230,95084768,A
union_peak_23457,chr4,136028010,136029181,A
union_peak_19742,chr2,160657287,160658281,A
union_peak_28677,chr7,48898240,48898978,A
union_peak_5925,chr11,87964574,87966217,A
union_peak_1108,chr1,106581551,106582419,A
union_peak_32040,chr9,44037083,44037615,A
union_peak_8827,chr13,38501182,38501968,A
union_peak_25746,chr5,139309979,139311177,A
union_peak_9510,chr13,95703364,95704546,A
union_peak_33013,chr9,102791524,102792425,A
union_peak_25748,chr5,139325108,139326005,A
union_peak_11528,chr15,50650209,50651311,A
union_peak_7292,chr12,33182280,33183406,A
union_peak_697,chr1,69544065,69544742,A
union_peak_22016,chr4,11899627,11900774,A
union_peak_19340,chr2,128427714,128430485,A
union_peak_9905,chr14,7977203,7978448,A
union_peak_6891,chr11,119676741,119677531,A
union_peak_3892,chr10,116487139,116487778,A
union_peak_28679,chr7,48908419,48909880,A
union_peak_13529,chr16,59599811,59600977,A
union_peak_21344,chr3,107796062,107797257,A
union_peak_23320,chr4,133843957,133844895,A
union_peak_2580,chr10,21975092,21976952,A
union_peak_3177,chr10,75303064,75303976,A
union_peak_31244,chr8,115514208,115514901,A
union_peak_6768,chr11,117239800,117240391,A
union_peak_27138,chr6,108337749,108338701,A
union_peak_10995,chr14,103531550,103532659,A
union_peak_11911,chr15,76037260,76038160,A
union_peak_3130,chr10,68221902,68223114,A
union_peak_13862,chr16,96272921,96273993,A
union_peak_4595,chr11,26640184,26641225,A
union_peak_32246,chr9,55283438,55284280,A
union_peak_27135,chr6,108309764,108310360,A
union_peak_15488,chr17,86903549,86904778,A
union_peak_16903,chr19,20389325,20390656,A
union_peak_17805,chr2,18663876,18664886,A
union_peak_15897,chr18,39020464,39021317,A
union_peak_9224,chr13,63189285,63190134,A
union_peak_9100,chr13,54073412,54074097,A
union_peak_30915,chr8,88291186,88291753,A
union_peak_31624,chr9,7221049,7221966,A
union_peak_18547,chr2,68381423,68383234,A
union_peak_19311,chr2,128072702,128073653,A
union_peak_4684,chr11,34506021,34506937,A
union_peak_859,chr1,85845273,85846230,A
union_peak_3607,chr10,93083120,93084104,A
union_peak_9095,chr13,53057037,53057765,A
union_peak_15323,chr17,80169690,80170261,A
union_peak_4962,chr11,53609371,53610425,A
union_peak_31414,chr8,122932587,122933322,A
union_peak_15107,chr17,57125682,57126620,A
union_peak_8094,chr12,105000674,105001625,A
union_peak_8950,chr13,45910984,45911638,A
union_peak_9730,chr13,111257756,111258636,A
union_peak_7290,chr12,33170078,33171026,A
union_peak_24160,chr5,30240299,30241244,A
union_peak_4002,chr10,118486487,118487591,A
union_peak_18520,chr2,65133531,65134433,A
union_peak_14214,chr17,25247738,25248690,A
union_peak_29415,chr7,110203391,110204406,A
union_peak_10457,chr14,55764454,55765724,A
union_peak_22692,chr4,97860334,97861549,A
union_peak_29495,chr7,114580733,114581909,A
union_peak_28846,chr7,67421278,67422368,A
union_peak_14713,chr17,35741525,35742535,A
union_peak_15351,chr17,83157424,83159059,A
union_peak_15911,chr18,39250391,39251403,A
union_peak_19314,chr2,128111506,128112985,A
union_peak_8144,chr12,107927912,107929372,A
union_peak_20398,chr3,37974436,37975483,A
union_peak_19371,chr2,130500770,130501982,A
union_peak_20521,chr3,54708474,54709736,A
union_peak_1420,chr1,138251723,138252481,A
union_peak_850,chr1,85732103,85733135,A
union_peak_18753,chr2,79050477,79051008,A
union_peak_23117,chr4,129034068,129035660,A
union_peak_17201,chr19,41339069,41339832,A
union_peak_12791,chr16,11284765,11286166,A
union_peak_3232,chr10,76541382,76541914,A
union_peak_13493,chr16,58465193,58466216,A
union_peak_16982,chr19,29371498,29372594,A
union_peak_33435,chr9,121846573,121847435,A
union_peak_24571,chr5,66193182,66193896,A
union_peak_18583,chr2,70021597,70022501,A
union_peak_18582,chr2,69994736,69995700,A
union_peak_33068,chr9,106372735,106373580,A
union_peak_21413,chr3,115692090,115693557,A
union_peak_4835,chr11,49247482,49248813,A
union_peak_18179,chr2,32881641,32882554,A
union_peak_27572,chr6,129433995,129434763,A
union_peak_10122,chr14,27345225,27345757,A
union_peak_13090,chr16,32189465,32190429,A
union_peak_29624,chr7,123219939,123220491,A
union_peak_30010,chr7,142347282,142347999,A
union_peak_2250,chr1,193328927,193330269,A
union_peak_6464,chr11,106165174,106166071,A
union_peak_3566,chr10,88417908,88418606,A
union_peak_22902,chr4,116700809,116701616,A
union_peak_24998,chr5,107648509,107649612,A
union_peak_21141,chr3,99174429,99175348,A
union_peak_26168,chr6,30230249,30231010,A
union_peak_32164,chr9,46154326,46154952,A
union_peak_32615,chr9,69442173,69443156,A
union_peak_13738,chr16,91795842,91796440,A
union_peak_24563,chr5,66095757,66096651,A
union_peak_14633,chr17,34680862,34681556,A
union_peak_27027,chr6,97352412,97354069,A
union_peak_18543,chr2,66148606,66150049,A
union_peak_5867,chr11,86646563,86647091,A
union_peak_18650,chr2,73053778,73054694,A
union_peak_10773,chr14,73175516,73176280,A
union_peak_13028,chr16,30024385,30025396,A
union_peak_11697,chr15,61448282,61449049,A
union_peak_12616,chr15,101977082,101977934,A
union_peak_30943,chr8,91081699,91083076,A
union_peak_18258,chr2,35448276,35449093,A
union_peak_22641,chr4,89043790,89044522,A
union_peak_14701,chr17,35526590,35527262,A
union_peak_21269,chr3,104771155,104772151,A
union_peak_18541,chr2,66123523,66124239,A
union_peak_15478,chr17,86495292,86496571,A
union_peak_24507,chr5,65153727,65154951,A
union_peak_28683,chr7,49093467,49094244,A
union_peak_15322,chr17,80167737,80168458,A
union_peak_7008,chr12,3896921,3897550,A
union_peak_28387,chr7,30219618,30220357,A
union_peak_19853,chr2,166446447,166447292,A
union_peak_7419,chr12,55049581,55050835,A
union_peak_14435,chr17,30103435,30104513,A
union_peak_9810,chr13,113548789,113549663,A
union_peak_3082,chr10,67049068,67049750,A
union_peak_1228,chr1,128830803,128831521,A
union_peak_8314,chr12,114990589,114991719,A
union_peak_17781,chr2,17712184,17713279,A
union_peak_18836,chr2,90487067,90488208,A
union_peak_27232,chr6,115577465,115578427,A
union_peak_6978,chr11,121804056,121804965,A
union_peak_31108,chr8,106802724,106803963,A
union_peak_10368,chr14,54040426,54042691,A
union_peak_31916,chr9,33060234,33061514,A
union_peak_2256,chr1,193443961,193444781,A
union_peak_6157,chr11,97829620,97830105,A
union_peak_7655,chr12,77039320,77040538,A
union_peak_10076,chr14,25640330,25641211,A
union_peak_18457,chr2,59652445,59653359,A
union_peak_20180,chr3,9916605,9917313,A
union_peak_29172,chr7,90067576,90068722,A
union_peak_25118,chr5,113156691,113157612,A
union_peak_31571,chr8,128517048,128518202,A
union_peak_15109,chr17,57188532,57189463,A
union_peak_19493,chr2,146197768,146198676,A
union_peak_26362,chr6,42342950,42344487,A
union_peak_6969,chr11,121655357,121656200,A
union_peak_4169,chr10,127585971,127586691,A
union_peak_22386,chr4,55488905,55490151,A
union_peak_7197,chr12,25211203,25212000,A
union_peak_3679,chr10,94860616,94861347,A
union_peak_10691,chr14,67911393,67912334,A
union_peak_4971,chr11,53802979,53804267,A
union_peak_10758,chr14,72862824,72863660,A
union_peak_25597,chr5,134295339,134296353,A
union_peak_9480,chr13,93814500,93815587,A
union_peak_15511,chr17,87459550,87460143,A
union_peak_4776,chr11,46361684,46363268,A
union_peak_21698,chr3,139016346,139017155,A
union_peak_18288,chr2,37565255,37566236,A
union_peak_28897,chr7,72313808,72315312,A
union_peak_31992,chr9,41152968,41154559,A
union_peak_18163,chr2,32714519,32715673,A
union_peak_13704,chr16,91423850,91424674,A
union_peak_16896,chr19,18646555,18647220,A
union_peak_28103,chr7,19002205,19002740,A
union_peak_17592,chr2,4567386,4568115,A
union_peak_2369,chr10,12887722,12889154,A
union_peak_34202,chrX,142791893,142792766,A
union_peak_15845,chr18,36701568,36702307,A
union_peak_4548,chr11,21447643,21448747,A
union_peak_8093,chr12,104990354,104991350,A
union_peak_5759,chr11,83010464,83011482,A
union_peak_28754,chr7,63919253,63919816,A
union_peak_20092,chr2,180436994,180438628,A
union_peak_26501,chr6,51524046,51525653,A
union_peak_32776,chr9,79918693,79919932,A
union_peak_13501,chr16,58542940,58543684,A
union_peak_3528,chr10,85044449,85045486,A
union_peak_8882,chr13,43300754,43301419,A
union_peak_2333,chr10,8197237,8197973,A
union_peak_11795,chr15,66799697,66800761,A
union_peak_25092,chr5,112219633,112220784,A
union_peak_13441,chr16,55735192,55736075,A
union_peak_188,chr1,36719651,36720671,A
union_peak_331,chr1,43519845,43521254,A
union_peak_11493,chr15,38470075,38471308,A
union_peak_1446,chr1,138930577,138931502,A
union_peak_8845,chr13,41367135,41367956,A
union_peak_6833,chr11,118265700,118266754,A
union_peak_12996,chr16,24222618,24223852,A
union_peak_4095,chr10,122736892,122737443,A
union_peak_17828,chr2,19201490,19202495,A
union_peak_13005,chr16,24507747,24508356,A
union_peak_32882,chr9,92265280,92266405,A
union_peak_30383,chr8,36081670,36083204,A
union_peak_5467,chr11,74572332,74573463,A
union_peak_8533,chr13,19138650,19139570,A
union_peak_7486,chr12,69378392,69379302,A
union_peak_3484,chr10,82779455,82781286,A
union_peak_18231,chr2,34952722,34953632,A
union_peak_21377,chr3,108717691,108718902,A
union_peak_29755,chr7,127293432,127293907,A
union_peak_29520,chr7,117433314,117434173,A
union_peak_61,chr1,13558865,13560350,A
union_peak_30994,chr8,94969737,94970370,A
union_peak_23826,chr4,152445969,152447138,A
union_peak_6644,chr11,115154998,115155453,A
union_peak_15401,chr17,83995869,83996614,A
union_peak_32193,chr9,50537047,50537908,A
union_peak_19310,chr2,128068592,128069203,A
union_peak_27566,chr6,129333345,129334296,A
union_peak_25654,chr5,135912815,135913860,A
union_peak_20293,chr3,28243862,28244725,A
union_peak_33384,chr9,120054506,120055585,A
union_peak_31918,chr9,33080104,33080837,A
union_peak_8060,chr12,102622105,102622952,A
union_peak_24787,chr5,93151865,93153129,A
union_peak_4811,chr11,48934897,48935432,A
union_peak_5831,chr11,85323911,85324783,A
union_peak_22782,chr4,106787194,106788530,A
union_peak_27995,chr7,12891120,12891810,A
union_peak_11818,chr15,67153244,67153975,A
union_peak_19463,chr2,144213548,144214527,A
union_peak_19863,chr2,166606686,166607454,A
union_peak_18176,chr2,32867163,32868011,A
union_peak_32866,chr9,89220783,89221602,A
union_peak_3423,chr10,81254560,81255542,A
union_peak_26042,chr6,8638856,8639945,A
union_peak_18167,chr2,32772433,32773017,A
union_peak_3018,chr10,61273640,61274356,A
union_peak_20972,chr3,93596605,93598039,A
union_peak_23243,chr4,132807784,132808557,A
union_peak_24114,chr5,24746869,24747700,A
union_peak_9519,chr13,95912734,95913805,A
union_peak_11656,chr15,59596155,59598162,A
union_peak_4332,chr11,4823615,4824429,A
union_peak_12062,chr15,78925936,78926731,A
union_peak_10866,chr14,76700410,76701637,A
union_peak_27735,chr6,140508097,140508904,A
union_peak_27593,chr6,129817125,129818304,A
union_peak_7493,chr12,69458037,69458843,A
union_peak_30688,chr8,72329650,72331699,A
union_peak_33673,chrX,13552148,13553156,A
union_peak_27916,chr7,4062444,4063982,A
union_peak_14913,chr17,47564416,47565187,A
union_peak_11808,chr15,66898725,66900105,A
union_peak_30941,chr8,91073846,91074272,A
union_peak_31145,chr8,109543046,109544075,A
union_peak_24152,chr5,29887157,29888190,A
union_peak_339,chr1,43843268,43844048,A
union_peak_5429,chr11,72202697,72203416,A
union_peak_7099,chr12,16210315,16211612,A
union_peak_6627,chr11,113802255,113803288,A
union_peak_31585,chr8,128650341,128650638,A
union_peak_15919,chr18,39718805,39719936,A
union_peak_2324,chr10,8055036,8056452,A
union_peak_31659,chr9,13701524,13702508,A
union_peak_2938,chr10,57799201,57799903,A
union_peak_11530,chr15,50667122,50668093,A
union_peak_25011,chr5,107758118,107758588,A
union_peak_22153,chr4,33587053,33588299,A
union_peak_9563,chr13,97857436,97858481,A
union_peak_14460,chr17,31136211,31137340,A
union_peak_1616,chr1,156027826,156028786,A
union_peak_3205,chr10,75702181,75703096,A
union_peak_2418,chr10,17548523,17549375,A
union_peak_13425,chr16,52469878,52470662,A
union_peak_7922,chr12,92671987,92672987,A
union_peak_16170,chr18,67732914,67734490,A
union_peak_2888,chr10,44537588,44538526,A
union_peak_21654,chr3,136556296,136557318,A
union_peak_6440,chr11,104613615,104614566,A
union_peak_18812,chr2,84625114,84625926,A
union_peak_20801,chr3,87266200,87266889,A
union_peak_19479,chr2,144489027,144490258,A
union_peak_26557,chr6,54925488,54926693,A
union_peak_24786,chr5,93135883,93137579,A
union_peak_26252,chr6,35256614,35258226,A
union_peak_31580,chr8,128594080,128595672,A
union_peak_29286,chr7,100845043,100846107,A
union_peak_30995,chr8,94972869,94973897,A
union_peak_13445,chr16,55786549,55789105,A
union_peak_30910,chr8,88200945,88201518,A
union_peak_19461,chr2,144165207,144166330,A
union_peak_22597,chr4,88003016,88003785,A
union_peak_11669,chr15,59795148,59796469,A
union_peak_5602,chr11,77622096,77622671,A
union_peak_33118,chr9,107776624,107777355,A
union_peak_17027,chr19,32216307,32217335,A
union_peak_11486,chr15,38270460,38271405,A
union_peak_27468,chr6,125523861,125524682,A
union_peak_13026,chr16,29981214,29982274,A
union_peak_9054,chr13,51935659,51936806,A
union_peak_5433,chr11,72341967,72343006,A
union_peak_3137,chr10,68512179,68513127,A
union_peak_11516,chr15,41856383,41857053,A
union_peak_22635,chr4,88909439,88910185,A
union_peak_17298,chr19,45807509,45808317,A
union_peak_11559,chr15,52753035,52754196,A
union_peak_15097,chr17,56957640,56958683,A
union_peak_5852,chr11,86428663,86429935,A
union_peak_16881,chr19,17168055,17168774,A
union_peak_23283,chr4,133412650,133413379,A
union_peak_7659,chr12,77077376,77077949,A
union_peak_11807,chr15,66883747,66884513,A
union_peak_3730,chr10,96328336,96328872,A
union_peak_9367,chr13,75845256,75846126,A
union_peak_1901,chr1,171677479,171678342,A
union_peak_24993,chr5,107533249,107534375,A
union_peak_417,chr1,52577757,52579224,A
union_peak_18559,chr2,68881795,68882505,A
union_peak_17734,chr2,12423880,12424899,A
union_peak_31465,chr8,124066210,124067353,A
union_peak_4223,chr10,128663364,128664305,A
union_peak_20773,chr3,84777076,84778153,A
union_peak_23684,chr4,148033735,148034357,A
union_peak_24174,chr5,31012513,31013284,A
union_peak_6301,chr11,100879327,100880144,A
union_peak_10977,chr14,103033121,103033922,A
union_peak_32475,chr9,63782520,63783334,A
union_peak_23725,chr4,149487534,149488298,A
union_peak_32426,chr9,61965043,61965993,A
union_peak_17856,chr2,22810666,22811988,A
union_peak_10813,chr14,75005626,75006434,A
union_peak_24908,chr5,103975432,103976494,A
union_peak_27687,chr6,136498859,136499485,A
union_peak_21885,chr4,6216439,6217324,A
union_peak_2230,chr1,192732796,192733611,A
union_peak_19462,chr2,144167056,144167716,A
union_peak_25302,chr5,120669208,120670511,A
union_peak_15413,chr17,84063833,84064624,A
union_peak_19283,chr2,127310190,127310457,A
union_peak_27325,chr6,120255461,120256515,A
union_peak_11487,chr15,38282215,38283204,A
union_peak_7669,chr12,77153068,77154328,A
union_peak_33414,chr9,121305270,121306293,A
union_peak_31277,chr8,117126671,117128069,A
union_peak_6788,chr11,117610446,117611578,A
union_peak_29810,chr7,128194834,128195610,A
union_peak_17948,chr2,26662479,26663699,A
union_peak_17611,chr2,5704395,5705461,A
union_peak_10166,chr14,31367558,31368316,A
union_peak_29790,chr7,128029168,128030101,A
union_peak_7700,chr12,79380639,79381943,A
union_peak_28969,chr7,75758814,75759535,A
union_peak_6331,chr11,101357209,101358198,A
union_peak_33079,chr9,106771299,106772032,A
union_peak_26502,chr6,51533163,51534020,A
union_peak_12642,chr15,102376999,102378735,A
union_peak_32545,chr9,66225939,66226968,A
union_peak_17480,chr19,56771613,56772830,A
union_peak_11819,chr15,67158463,67159185,A
union_peak_27597,chr6,129997115,129997976,A
union_peak_11200,chr15,5762158,5763177,A
union_peak_27614,chr6,130429918,130430865,A
union_peak_32287,chr9,56676124,56676761,A
union_peak_12793,chr16,11327376,11328074,A
union_peak_23389,chr4,135053517,135054428,A
union_peak_29794,chr7,128054303,128054780,A
union_peak_18483,chr2,60845312,60846194,A
union_peak_18348,chr2,45138662,45139372,A
union_peak_23232,chr4,132659040,132659931,A
union_peak_33348,chr9,118365399,118366095,A
union_peak_22329,chr4,46641361,46642348,A
union_peak_13424,chr16,52468148,52469062,A
union_peak_21608,chr3,132872942,132873689,A
union_peak_928,chr1,87914229,87915365,A
union_peak_26053,chr6,12011854,12012789,A
union_peak_21699,chr3,139033028,139033698,A
union_peak_996,chr1,91507012,91508081,A
union_peak_31127,chr8,107360264,107361508,A
union_peak_29804,chr7,128158339,128159719,A
union_peak_32288,chr9,56680360,56681418,A
union_peak_18516,chr2,65044095,65045034,A
union_peak_1733,chr1,162586060,162586859,A
union_peak_25122,chr5,113589904,113590922,A
union_peak_8372,chr12,117958895,117959868,A
union_peak_17385,chr19,53035254,53035816,A
union_peak_6111,chr11,97124228,97124721,A
union_peak_19236,chr2,125735166,125736162,A
union_peak_13770,chr16,93245892,93246961,A
union_peak_1598,chr1,155201056,155201761,A
union_peak_15369,chr17,83633990,83634610,A
union_peak_11266,chr15,9713719,9714817,A
union_peak_18385,chr2,52455822,52456604,A
union_peak_16936,chr19,24526809,24527984,A
union_peak_11420,chr15,36243393,36244485,A
union_peak_21444,chr3,116465474,116466746,A
union_peak_28799,chr7,66097613,66098422,A
union_peak_25266,chr5,118404137,118404967,A
union_peak_6656,chr11,115338433,115339247,A
union_peak_23945,chr5,3488350,3489059,A
union_peak_16708,chr19,9103874,9104472,A
union_peak_7073,chr12,12320502,12321354,A
union_peak_19831,chr2,165541008,165541474,A
union_peak_32165,chr9,46158639,46159343,A
union_peak_2422,chr10,17578993,17579890,A
union_peak_28821,chr7,66273283,66274078,A
union_peak_27607,chr6,130287640,130288831,A
union_peak_18651,chr2,73070335,73071196,A
union_peak_12809,chr16,11896076,11897171,A
union_peak_5127,chr11,59404135,59405047,A
union_peak_27613,chr6,130418946,130420097,A
union_peak_27212,chr6,114678165,114678696,A
union_peak_9887,chr13,119651432,119652141,A
union_peak_15710,chr18,24185392,24186169,A
union_peak_12138,chr15,80321625,80322193,A
union_peak_7105,chr12,16580304,16580972,A
union_peak_11492,chr15,38447141,38447998,A
union_peak_6767,chr11,117220381,117221297,A
union_peak_4949,chr11,53128382,53129329,A
union_peak_9888,chr13,119652949,119654076,A
union_peak_10797,chr14,73596482,73597195,A
union_peak_31384,chr8,122295725,122296444,A
union_peak_6666,chr11,115416765,115417069,A
union_peak_20131,chr2,181790834,181791729,A
union_peak_32649,chr9,71848262,71849113,A
union_peak_25151,chr5,114041510,114042118,A
union_peak_30930,chr8,88783541,88784385,A
union_peak_21962,chr4,9029577,9029990,A
union_peak_16174,chr18,67869599,67870414,A
union_peak_6968,chr11,121610182,121611075,A
union_peak_16341,chr18,80535717,80536705,AB
union_peak_14093,chr17,21214223,21215026,AB
union_peak_8826,chr13,38334872,38335883,AB
union_peak_9794,chr13,113090140,113091166,AB
union_peak_10500,chr14,57718030,57718778,AB
union_peak_5469,chr11,74644875,74646057,AB
union_peak_4617,chr11,30630317,30631512,AB
union_peak_15055,chr17,56117904,56119598,AB
union_peak_688,chr1,66931378,66932709,AB
union_peak_26039,chr6,8531049,8532127,AB
union_peak_27764,chr6,142554106,142555131,AB
union_peak_23419,chr4,135285648,135286428,AB
union_peak_27602,chr6,130135964,130136805,AB
union_peak_13603,chr16,77108354,77109408,AB
union_peak_25286,chr5,120109883,120110764,AB
union_peak_28852,chr7,67530161,67531961,AB
union_peak_9570,chr13,98290697,98292264,AB
union_peak_20559,chr3,59190171,59191091,AB
union_peak_9797,chr13,113104205,113105409,AB
union_peak_3967,chr10,117969611,117970610,AB
union_peak_9789,chr13,113047817,113049108,AB
union_peak_28523,chr7,43430620,43431403,AB
union_peak_9791,chr13,113060929,113062324,AB
union_peak_18351,chr2,45186901,45188144,AB
union_peak_29629,chr7,123399469,123400424,AB
union_peak_31212,chr8,112005084,112005880,AB
union_peak_10689,chr14,67841425,67842632,AB
union_peak_27369,chr6,122284581,122285086,AB
union_peak_4065,chr10,121374674,121375622,AB
union_peak_24037,chr5,21226917,21228038,AB
union_peak_8368,chr12,117809456,117810483,AB
union_peak_27601,chr6,130102360,130103568,AB
union_peak_29300,chr7,101316306,101317555,AB
union_peak_27046,chr6,99063967,99064916,AB
union_peak_4254,chr10,130466379,130467332,AB
union_peak_25691,chr5,137263484,137264789,AB
union_peak_10264,chr14,47376289,47377086,AB
union_peak_27608,chr6,130311373,130312391,AB
union_peak_19422,chr2,132203328,132204461,AB
union_peak_17339,chr19,46713903,46714766,AB
union_peak_11010,chr14,105271791,105272748,AB
union_peak_8092,chr12,104969381,104970238,AB
union_peak_18330,chr2,44323648,44324696,AB
union_peak_4468,chr11,16996600,16997643,AB
union_peak_27213,chr6,114678952,114680117,AB
union_peak_28796,chr7,65713722,65714951,AB
union_peak_31759,chr9,21246194,21246786,AB
union_peak_22506,chr4,62780436,62781896,AB
union_peak_3776,chr10,98717370,98718447,AB
union_peak_622,chr1,61422987,61424604,AB
union_peak_17479,chr19,56757638,56758276,AB
union_peak_5581,chr11,77195473,77197312,AB
union_peak_280,chr1,40283135,40284222,AB
union_peak_31388,chr8,122430053,122430833,AB
union_peak_23406,chr4,135159156,135160148,AB
union_peak_13221,chr16,38370969,38372541,AB
union_peak_5128,chr11,59418426,59419018,AB
union_peak_14498,chr17,32160806,32161834,AB
union_peak_32547,chr9,66264604,66266714,AB
union_peak_32163,chr9,46151483,46152262,AB
union_peak_718,chr1,71576347,71577529,AB
union_peak_22785,chr4,106814350,106815179,AB
union_peak_32424,chr9,61931624,61933816,AB
union_peak_32777,chr9,79947318,79948160,AB
union_peak_16257,chr18,75215003,75216181,AB
union_peak_24784,chr5,93109100,93110207,AB
union_peak_27368,chr6,122282522,122283660,AB
union_peak_1553,chr1,153066259,153067315,AB
union_peak_33250,chr9,114015990,114016995,AB
union_peak_27150,chr6,108630422,108631640,AB
union_peak_24989,chr5,107398293,107399481,AB
union_peak_27610,chr6,130386431,130387884,AB
union_peak_3204,chr10,75696709,75697615,AB
union_peak_9798,chr13,113119754,113121226,AB
union_peak_27606,chr6,130237300,130238520,AB
union_peak_27158,chr6,108685840,108686688,AB
union_peak_13068,chr16,31349427,31350271,AB
union_peak_25371,chr5,122343608,122344691,AB
union_peak_9807,chr13,113226781,113227836,AB
union_peak_26320,chr6,39469211,39469972,AB
union_peak_3502,chr10,83336015,83337658,AB
union_peak_3501,chr10,83329789,83330963,AB
union_peak_3774,chr10,98563700,98565149,AB
union_peak_2626,chr10,26202744,26203857,AB
union_peak_20379,chr3,37455273,37456957,AB
union_peak_17167,chr19,40375023,40376184,AB
union_peak_4793,chr11,46473349,46474762,AB
union_peak_2488,chr10,19515980,19517136,AB
union_peak_30019,chr7,142422645,142424511,AB
union_peak_17338,chr19,46705246,46707293,AB
union_peak_13628,chr16,78605835,78607316,AB
union_peak_21378,chr3,108726487,108728113,AB
union_peak_2083,chr1,181130014,181131300,AB
union_peak_15999,chr18,56335306,56336892,AB
union_peak_2454,chr10,18946840,18947460,AB
union_peak_4466,chr11,16976629,16978279,AB
union_peak_11800,chr15,66824837,66826400,AB
union_peak_30555,chr8,69839121,69840008,AB
union_peak_5575,chr11,76890947,76892126,AB
union_peak_13772,chr16,93391902,93392838,AB
union_peak_15689,chr18,23733695,23735335,AB
union_peak_15255,chr17,74139734,74140921,AB
union_peak_18439,chr2,59327753,59328801,AB
union_peak_7766,chr12,82208343,82210624,AB
union_peak_33338,chr9,118058953,118059813,AB
union_peak_28665,chr7,47012920,47013450,AB
union_peak_6110,chr11,97117982,97118772,AB
union_peak_10780,chr14,73311648,73312657,AB
union_peak_27282,chr6,119198110,119199601,AB
union_peak_11196,chr15,5693580,5695565,AB
union_peak_18542,chr2,66126542,66127574,AB
union_peak_34318,chrX,167024799,167025755,AB
union_peak_6549,chr11,108052342,108053483,AB
union_peak_21607,chr3,132871332,132872056,AB
union_peak_4252,chr10,130414154,130415347,AB
union_peak_16629,chr19,6686732,6688028,AB
union_peak_17740,chr2,13232842,13234041,AB
union_peak_1190,chr1,127692898,127694358,AB
union_peak_7704,chr12,79444572,79445117,AB
union_peak_17465,chr19,56393165,56393906,AB
union_peak_16165,chr18,67670886,67672295,AB
union_peak_7081,chr12,13508307,13509187,AB
union_peak_33383,chr9,120039179,120039964,AB
union_peak_22720,chr4,101234563,101236151,AB
union_peak_664,chr1,64756325,64757718,AB
union_peak_27598,chr6,130031087,130032374,AB
union_peak_17485,chr19,57064071,57064938,AB
union_peak_3872,chr10,111635415,111636336,AB
union_peak_16977,chr19,29346868,29347989,AB
union_peak_27907,chr7,3444536,3445394,AB
union_peak_10097,chr14,26921832,26923298,AB
union_peak_17453,chr19,55136912,55137864,AB
union_peak_32962,chr9,96896363,96897475,AB
union_peak_16166,chr18,67687873,67689065,AB
union_peak_33386,chr9,120066673,120068617,AB
union_peak_27609,chr6,130341565,130342850,AB
union_peak_12271,chr15,84896223,84897422,AB
union_peak_17799,chr2,18390854,18391875,AB
union_peak_30540,chr8,69188762,69189680,AB
union_peak_15909,chr18,39145038,39145673,AB
union_peak_10501,chr14,57724919,57725889,AB
union_peak_9269,chr13,65069601,65070741,AB
union_peak_2477,chr10,19215643,19216675,AB
union_peak_30974,chr8,94447253,94448381,AB
union_peak_5583,chr11,77207627,77208771,AB
union_peak_18571,chr2,69716150,69716925,AB
union_peak_32747,chr9,78073395,78074532,AB
union_peak_15494,chr17,86971116,86971718,AB
union_peak_18464,chr2,60165529,60166602,AB
union_peak_19474,chr2,144441038,144441859,AB
union_peak_21208,chr3,102755324,102756603,AB
union_peak_8367,chr12,117444191,117445015,AB
union_peak_24992,chr5,107524126,107525763,AB
union_peak_12800,chr16,11475278,11476156,AB
union_peak_21404,chr3,114889469,114890700,AB
union_peak_11451,chr15,36719015,36719655,AB
union_peak_24413,chr5,62755951,62756477,AB
union_peak_29496,chr7,114616663,114617569,AB
union_peak_23836,chr4,154375892,154376927,AB
union_peak_19498,chr2,146497052,146498004,AB
union_peak_26525,chr6,52964323,52966120,AB
union_peak_27094,chr6,99811148,99811966,AB
union_peak_29435,chr7,111108808,111110124,AB
union_peak_19854,chr2,166448462,166449265,AB
union_peak_108,chr1,23915167,23916300,AB
union_peak_10263,chr14,47373498,47375280,AB
union_peak_17729,chr2,11801392,11802251,AB
union_peak_13899,chr17,5016812,5018067,AB
union_peak_2119,chr1,182505956,182507218,AB
union_peak_20633,chr3,65984336,65985504,AB
union_peak_23934,chr5,3300894,3301812,AB
union_peak_31760,chr9,21249946,21250618,AB
union_peak_13157,chr16,33776419,33777373,AB
union_peak_1426,chr1,138297974,138298837,AB
union_peak_3687,chr10,95008645,95009755,AB
union_peak_7170,chr12,21476214,21476746,AB
union_peak_1591,chr1,155118569,155119628,AB
union_peak_27596,chr6,129916967,129918248,AB
union_peak_3990,chr10,118406483,118407805,AB
union_peak_14223,chr17,25583586,25584559,AB
union_peak_27518,chr6,128769274,128770005,AB
union_peak_12427,chr15,97355636,97356626,AB
union_peak_33115,chr9,107747039,107748072,AB
union_peak_16037,chr18,56871437,56872241,AB
union_peak_20327,chr3,32408728,32409673,AB
union_peak_17174,chr19,40617560,40618501,AB
union_peak_11662,chr15,59707577,59708504,AB
union_peak_10750,chr14,71112990,71114189,AB
union_peak_13519,chr16,59451610,59452351,AB
union_peak_21323,chr3,106995927,106996830,AB
union_peak_27605,chr6,130197440,130198292,AB
union_peak_16447,chr18,89233355,89234271,AB
union_peak_10065,chr14,25521022,25521568,AB
union_peak_9838,chr13,114885625,114887419,AB
union_peak_28740,chr7,58828849,58829520,AB
union_peak_21957,chr4,8942511,8943522,AB
union_peak_22890,chr4,116184765,116185926,AB
union_peak_27581,chr6,129597785,129598578,AB
union_peak_13765,chr16,92863847,92864814,AB
union_peak_10695,chr14,67950956,67952033,AB
union_peak_5742,chr11,82203539,82204340,AB
union_peak_3962,chr10,117938334,117939202,AB
union_peak_2501,chr10,19718457,19719454,AB
union_peak_23797,chr4,151810971,151811932,AB
union_peak_16922,chr19,21896961,21898130,AB
union_peak_10751,chr14,71120155,71121170,AB
union_peak_25130,chr5,113641292,113641897,AB
union_peak_26710,chr6,71387203,71387996,AB
union_peak_26628,chr6,65611640,65612480,AB
union_peak_7715,chr12,79650610,79651059,AB
union_peak_16904,chr19,20409252,20410688,AB
union_peak_18334,chr2,44344578,44345544,AB
union_peak_33781,chrX,42423803,42425064,AB
union_peak_7505,chr12,69580900,69581678,AB
union_peak_10770,chr14,73127514,73128260,AB
union_peak_3989,chr10,118404239,118404991,AB
union_peak_34070,chrX,103393576,103394603,AB
union_peak_18749,chr2,79001191,79002027,AB
union_peak_20970,chr3,93562150,93563101,AB
union_peak_9805,chr13,113210420,113211919,AB
union_peak_22012,chr4,11768898,11769802,AB
union_peak_20284,chr3,27322273,27323493,AB
union_peak_29592,chr7,122316296,122318094,AB
union_peak_32850,chr9,88529752,88530624,AB
union_peak_32922,chr9,95959444,95960471,AB
union_peak_1558,chr1,153299527,153300446,AB
union_peak_20308,chr3,30875980,30877293,AB
union_peak_24485,chr5,64840547,64841469,AB
union_peak_7067,chr12,12277651,12278734,AB
union_peak_17784,chr2,17742005,17743251,AB
union_peak_10469,chr14,55945055,55946746,AB
union_peak_14943,chr17,48426776,48428547,AB
union_peak_29164,chr7,90003001,90003610,AB
union_peak_17202,chr19,41342632,41343429,AB
union_peak_32282,chr9,56508863,56510031,AB
union_peak_23516,chr4,138256916,138257878,AB
union_peak_5790,chr11,83558456,83558935,AB
union_peak_26225,chr6,33618207,33619492,AB
union_peak_4469,chr11,17000736,17001396,AB
union_peak_1421,chr1,138258531,138259572,AB
union_peak_26892,chr6,86822192,86824077,AB
union_peak_19857,chr2,166491471,166492684,AB
union_peak_21133,chr3,97931464,97933951,AB
union_peak_28717,chr7,58474590,58475806,AB
union_peak_9831,chr13,114304521,114305658,AB
union_peak_26661,chr6,67415044,67416075,AB
union_peak_8928,chr13,45442563,45443781,AB
union_peak_18329,chr2,44165552,44167647,AB
union_peak_9483,chr13,93898184,93899115,AB
union_peak_21666,chr3,136940602,136941990,AB
union_peak_12847,chr16,16994248,16995230,AB
union_peak_21999,chr4,11475954,11476939,AB
union_peak_19081,chr2,117373956,117375074,AB
union_peak_1817,chr1,166409420,166410972,AB
union_peak_28975,chr7,75793585,75794527,AB
union_peak_4955,chr11,53393461,53394895,AB
union_peak_13053,chr16,30948071,30948973,AB
union_peak_3019,chr10,61275595,61276381,AB
union_peak_29738,chr7,127180267,127181744,AB
union_peak_21886,chr4,6218225,6219399,AB
union_peak_3733,chr10,96356705,96358331,AB
union_peak_29381,chr7,106270024,106271682,AB
union_peak_29897,chr7,135604817,135605673,AB
union_peak_33251,chr9,114025883,114027163,AB
union_peak_26290,chr6,38669435,38670590,AB
union_peak_17205,chr19,41360392,41361088,AB
union_peak_16579,chr19,5703900,5705409,AB
union_peak_29793,chr7,128050639,128051406,AB
union_peak_30016,chr7,142393091,142393764,AB
union_peak_29978,chr7,141270518,141271111,AB
union_peak_27410,chr6,124723021,124724245,AB
union_peak_29949,chr7,140374006,140375061,AB
union_peak_26750,chr6,72623759,72624792,AB
union_peak_31958,chr9,40343932,40344628,AB
union_peak_19860,chr2,166553256,166554316,AB
union_peak_21270,chr3,104779981,104781042,AB
union_peak_24155,chr5,29901129,29902481,AB
union_peak_7658,chr12,77074445,77075286,AB
union_peak_14006,chr17,12363638,12364801,AB
union_peak_10474,chr14,56265871,56266525,AB
union_peak_20246,chr3,20104066,20105459,AB
union_peak_3438,chr10,81404779,81405955,AB
union_peak_10778,chr14,73289505,73290826,AB
union_peak_30453,chr8,46869001,46870196,AB
union_peak_9802,chr13,113180767,113181574,AB
union_peak_15093,chr17,56912879,56913870,AB
union_peak_3782,chr10,98776132,98777033,AB
union_peak_7854,chr12,85944256,85946151,AB
union_peak_20561,chr3,59205856,59206575,AB
union_peak_13154,chr16,33747064,33748137,AB
union_peak_31026,chr8,104435269,104436605,AB
union_peak_34200,chrX,142694620,142695523,AB
union_peak_15345,chr17,80632128,80633084,AB
union_peak_33335,chr9,117961714,117962814,AB
union_peak_28970,chr7,75760045,75761109,AB
union_peak_1154,chr1,125419337,125420476,AB
union_peak_17684,chr2,11145362,11146394,AB
union_peak_27523,chr6,128798103,128798852,AB
union_peak_20285,chr3,27330354,27331516,AB
union_peak_32916,chr9,95835795,95836385,AB
union_peak_31276,chr8,117074019,117074884,AB
union_peak_33114,chr9,107739769,107740696,AB
union_peak_11789,chr15,66718117,66719234,AB
union_peak_24085,chr5,23721698,23722597,AB
union_peak_15387,chr17,83830912,83832987,AB
union_peak_32778,chr9,79970513,79971603,AB
union_peak_18750,chr2,79004668,79005745,AB
union_peak_26979,chr6,91153349,91154285,AB
union_peak_7194,chr12,25187083,25187726,AB
union_peak_28812,chr7,66196484,66198020,AB
union_peak_22637,chr4,88936954,88938842,AB
union_peak_12390,chr15,96376971,96377976,AB
union_peak_20569,chr3,59296322,59297354,AB
union_peak_25010,chr5,107755956,107756590,AB
union_peak_4788,chr11,46445924,46446777,AB
union_peak_9848,chr13,115106904,115108054,AB
union_peak_30042,chr7,143643564,143644617,AB
union_peak_21418,chr3,115758145,115759628,AB
union_peak_6716,chr11,116136180,116136934,AB
union_peak_33339,chr9,118082442,118083725,AB
union_peak_6674,chr11,115477175,115478707,AB
union_peak_32552,chr9,66300461,66301309,AB
union_peak_8724,chr13,30625026,30625994,AB
union_peak_17780,chr2,17702442,17703712,AB
union_peak_22443,chr4,59230971,59232032,AB
union_peak_18747,chr2,78986162,78986925,AB
union_peak_27214,chr6,114680695,114681432,AB
union_peak_13780,chr16,93585260,93586893,AB
union_peak_26411,chr6,48664204,48665138,AB
union_peak_4791,chr11,46461692,46462473,AB
union_peak_19959,chr2,168555930,168557234,AB
union_peak_29170,chr7,90041440,90042479,AB
union_peak_20371,chr3,37257383,37258466,AB
union_peak_9866,chr13,117260357,117261405,AB
union_peak_27160,chr6,108709585,108710391,AB
union_peak_380,chr1,51572128,51573232,AB
union_peak_29893,chr7,135580560,135581563,AB
union_peak_2121,chr1,182527849,182529012,AB
union_peak_16394,chr18,82528776,82529298,AB
union_peak_24827,chr5,97964093,97965314,AB
union_peak_30013,chr7,142378950,142379794,AB
union_peak_24703,chr5,77251965,77253054,AB
union_peak_13953,chr17,6861052,6862481,AB
union_peak_10819,chr14,75033010,75034659,AB
union_peak_576,chr1,60530096,60531335,AB
union_peak_29805,chr7,128166019,128167134,AB
union_peak_28524,chr7,43436187,43437513,AB
union_peak_11444,chr15,36647776,36649020,AB
union_peak_9104,chr13,54209284,54210328,AB
union_peak_10499,chr14,57712469,57713471,AB
union_peak_11017,chr14,106026691,106027905,AB
union_peak_28995,chr7,78724487,78725148,AB
union_peak_7489,chr12,69416589,69417239,AB
union_peak_9790,chr13,113049980,113050725,AB
union_peak_10064,chr14,25516659,25517926,AB
union_peak_1315,chr1,133694669,133695469,AB
union_peak_24407,chr5,62573663,62574919,AB
union_peak_2415,chr10,17484606,17485824,AB
union_peak_18752,chr2,79049056,79049793,AB
union_peak_32236,chr9,54641838,54643265,AB
union_peak_22481,chr4,62455984,62457697,AB
union_peak_32515,chr9,65404330,65405307,AB
union_peak_14954,chr17,50071084,50072182,AB
union_peak_8722,chr13,30609430,30610261,AB
union_peak_2966,chr10,59577676,59579202,AB
union_peak_28807,chr7,66146733,66147818,AB
union_peak_21965,chr4,9079493,9080742,AB
union_peak_19505,chr2,147030406,147031297,AB
union_peak_10786,chr14,73398158,73399118,AB
union_peak_1335,chr1,134110282,134111632,AB
union_peak_6193,chr11,98479152,98480356,AB
union_peak_20769,chr3,84714773,84715933,AB
union_peak_6489,chr11,106563974,106565130,AB
union_peak_19864,chr2,166610066,166610948,AB
union_peak_28974,chr7,75787341,75789427,AB
union_peak_4914,chr11,52046066,52047081,AB
union_peak_16304,chr18,77746477,77747590,AB
union_peak_16154,chr18,67279956,67281249,AB
union_peak_31882,chr9,32659955,32662165,AB
union_peak_24456,chr5,64474661,64475168,AB
union_peak_17533,chr19,60212196,60213474,AB
union_peak_33498,chr9,123871536,123872837,AB
union_peak_5481,chr11,74959563,74960842,AB
union_peak_17532,chr19,60182347,60183789,AB
union_peak_21409,chr3,115675782,115676306,AB
union_peak_16448,chr18,89237870,89238838,AB
union_peak_28898,chr7,72342908,72344978,AB
union_peak_8123,chr12,107144370,107145362,AB
union_peak_23523,chr4,138455671,138457309,AB
union_peak_13443,chr16,55753996,55755058,AB
union_peak_18485,chr2,60877690,60878519,AB
union_peak_16849,chr19,14386603,14388901,AB
union_peak_32544,chr9,66158102,66159120,AB
union_peak_8119,chr12,107128932,107129860,AB
union_peak_20567,chr3,59260385,59262414,AB
union_peak_14673,chr17,35232515,35233816,AB
union_peak_332,chr1,43534386,43535074,AB
union_peak_21034,chr3,95697211,95698205,AB
union_peak_22830,chr4,108454611,108455302,AB
union_peak_8751,chr13,32268112,32269462,AB
union_peak_16571,chr19,5571599,5572700,AB
union_peak_21332,chr3,107205963,107207430,AB
union_peak_33273,chr9,114777648,114778716,AB
union_peak_9532,chr13,96510295,96511644,AB
union_peak_19233,chr2,125666839,125667782,AB
union_peak_3790,chr10,98877245,98878723,AB
union_peak_12995,chr16,24216568,24217898,AB
union_peak_16580,chr19,5726023,5727968,AB
union_peak_32613,chr9,69361941,69362724,AB
union_peak_18237,chr2,34982075,34982651,AB
union_peak_20234,chr3,19458406,19459327,AB
union_peak_22563,chr4,83327424,83328514,AB
union_peak_7862,chr12,86309597,86310600,AB
union_peak_27591,chr6,129746778,129748170,AB
union_peak_292,chr1,40469503,40470533,AB
union_peak_22501,chr4,62681174,62681970,AB
union_peak_16920,chr19,21863263,21864234,AB
union_peak_7598,chr12,73655990,73657496,AB
union_peak_7338,chr12,40248218,40249591,AB
union_peak_13224,chr16,38399315,38400286,AB
union_peak_1453,chr1,138975562,138976507,AB
union_peak_33009,chr9,102577203,102578160,AB
union_peak_22745,chr4,102606471,102607255,AB
union_peak_19250,chr2,126490874,126492060,AB
union_peak_1354,chr1,135267706,135268915,AB
union_peak_16786,chr19,11418792,11419806,AB
union_peak_11805,chr15,66861031,66862237,AB
union_peak_12891,chr16,18492785,18493775,AB
union_peak_1569,chr1,153616918,153618086,AB
union_peak_14689,chr17,35422764,35423714,AB
union_peak_32915,chr9,95834693,95835333,AB
union_peak_14982,chr17,50570211,50571477,AB
union_peak_30481,chr8,57426359,57428445,AB
union_peak_666,chr1,64949106,64950042,AB
union_peak_7231,chr12,25993780,25994748,AB
union_peak_16697,chr19,8990528,8991662,AB
union_peak_25129,chr5,113640351,113641049,AB
union_peak_3715,chr10,95970688,95972224,AB
union_peak_30081,chr8,4213662,4214821,AB
union_peak_6590,chr11,109671304,109672750,AB
union_peak_17409,chr19,53414199,53414891,AB
union_peak_11429,chr15,36363635,36364626,AB
union_peak_7709,chr12,79539767,79540790,AB
union_peak_3694,chr10,95265808,95266848,AB
union_peak_17213,chr19,41768474,41769781,AB
union_peak_19882,chr2,166754047,166755198,AB
union_peak_30976,chr8,94458138,94458984,AB
union_peak_9938,chr14,14706042,14706773,AB
union_peak_23989,chr5,9014563,9016061,AB
union_peak_8760,chr13,32965269,32966875,AB
union_peak_857,chr1,85837707,85838652,AB
union_peak_2670,chr10,28815723,28816750,AB
union_peak_15422,chr17,84226073,84227003,AB
union_peak_614,chr1,61039061,61039897,AB
union_peak_18548,chr2,68430282,68431032,AB
union_peak_26786,chr6,82744432,82745372,AB
union_peak_23234,chr4,132747157,132748311,AB
union_peak_32618,chr9,69453724,69454768,AB
union_peak_11635,chr15,58927401,58928235,AB
union_peak_26410,chr6,48662817,48663513,AB
union_peak_11799,chr15,66815205,66816027,AB
union_peak_8297,chr12,114299169,114301382,AB
union_peak_17200,chr19,41332371,41333015,AB
union_peak_4171,chr10,127654693,127655732,AB
union_peak_23408,chr4,135168844,135169664,AB
union_peak_3745,chr10,96515504,96516485,AB
union_peak_30456,chr8,46941029,46942261,AB
union_peak_15564,chr18,4349603,4350142,AB
union_peak_17295,chr19,45789955,45791187,AB
union_peak_2399,chr10,14033941,14035017,AB
union_peak_12160,chr15,80638850,80640363,AB
union_peak_29036,chr7,80179606,80180518,AB
union_peak_1962,chr1,173440207,173441800,AB
union_peak_18253,chr2,35411728,35412981,AB
union_peak_16131,chr18,65697370,65698924,AB
union_peak_24040,chr5,21254601,21256635,AB
union_peak_7217,chr12,25362768,25363264,AB
union_peak_13281,chr16,44361678,44362640,AB
union_peak_29733,chr7,127112364,127114011,AB
union_peak_12356,chr15,93251447,93252908,AB
union_peak_28892,chr7,72274954,72276579,AB
union_peak_18010,chr2,29648742,29650272,AB
union_peak_334,chr1,43539584,43540416,AB
union_peak_28220,chr7,25006284,25007150,AB
union_peak_18016,chr2,29724718,29725685,AB
union_peak_23804,chr4,151990610,151991384,AB
union_peak_23130,chr4,129376524,129378151,AB
union_peak_2894,chr10,45019403,45020835,AB
union_peak_7220,chr12,25366804,25367600,AB
union_peak_30602,chr8,70743686,70745153,AB
union_peak_20957,chr3,90603744,90605880,AB
union_peak_5865,chr11,86620929,86621780,AB
union_peak_14942,chr17,48425714,48426482,AB
union_peak_10692,chr14,67932364,67933508,AB
union_peak_12016,chr15,78462818,78463966,AB
union_peak_22991,chr4,121208328,121209585,AB
union_peak_31617,chr9,5298250,5299344,AB
union_peak_9701,chr13,108338098,108339058,AB
union_peak_7207,chr12,25269216,25270417,AB
union_peak_4264,chr11,3138400,3139109,AB
union_peak_20118,chr2,181410326,181411583,AB
union_peak_795,chr1,80380419,80381992,AB
union_peak_27366,chr6,122258803,122259916,AB
union_peak_11760,chr15,64234789,64235855,AB
union_peak_2317,chr10,7879679,7880760,AB
union_peak_32873,chr9,90244203,90245823,AB
union_peak_8938,chr13,45850360,45852519,AB
union_peak_17581,chr2,3755068,3756320,AB
union_peak_19157,chr2,120598805,120600203,AB
union_peak_1333,chr1,134097925,134099726,AB
union_peak_13723,chr16,91561929,91562647,AB
union_peak_20653,chr3,68789268,68790822,AB
union_peak_27128,chr6,108164839,108165471,AB
union_peak_2774,chr10,40309712,40310675,AB
union_peak_27904,chr7,3409374,3410521,AB
union_peak_7213,chr12,25334926,25335711,AB
union_peak_32948,chr9,96713135,96714678,AB
union_peak_7702,chr12,79437210,79438506,AB
union_peak_25510,chr5,124872837,124873773,AB
union_peak_29105,chr7,81319459,81320389,AB
union_peak_13225,chr16,38402876,38404232,AB
union_peak_8022,chr12,100985166,100986023,AB
union_peak_5347,chr11,69665856,69666508,AB
union_peak_13357,chr16,49774390,49775373,AB
union_peak_18903,chr2,92212962,92213956,AB
union_peak_33518,chr9,124121009,124122462,AB
union_peak_24342,chr5,43823670,43825367,AB
union_peak_1906,chr1,171761933,171763227,AB
union_peak_15895,chr18,39011446,39012037,AB
union_peak_26158,chr6,29826796,29828274,AB
union_peak_29232,chr7,98809314,98810187,AC
union_peak_27006,chr6,95712026,95712692,AC
union_peak_32347,chr9,57968514,57969184,AC
union_peak_34055,chrX,101737011,101737979,AC
union_peak_18634,chr2,72365031,72366012,AC
union_peak_20137,chr2,181878677,181879414,AC
union_peak_27439,chr6,125067279,125068253,AC
union_peak_3239,chr10,77273048,77273902,AC
union_peak_13665,chr16,89848567,89849624,AC
union_peak_14012,chr17,12727552,12728569,AC
union_peak_27744,chr6,140614513,140615474,AC
union_peak_18209,chr2,34204026,34205118,AC
union_peak_27004,chr6,95613970,95615294,AC
union_peak_29003,chr7,78908817,78909524,AC
union_peak_24457,chr5,64477658,64478530,AC
union_peak_13788,chr16,93776954,93778267,AC
union_peak_22528,chr4,63667353,63668928,AC
union_peak_9989,chr14,20168278,20169133,AC
union_peak_22390,chr4,55564016,55564940,AC
union_peak_31275,chr8,117052156,117053601,AC
union_peak_20747,chr3,84092598,84093540,AC
union_peak_8282,chr12,113167711,113168796,AC
union_peak_28985,chr7,75892418,75893455,AC
union_peak_28814,chr7,66228711,66229136,AC
union_peak_11653,chr15,59537714,59539012,AC
union_peak_26851,chr6,85147181,85148061,AC
union_peak_8073,chr12,103058827,103059761,AC
union_peak_22949,chr4,119125799,119126466,AC
union_peak_8955,chr13,45935498,45936677,AC
union_peak_27727,chr6,137794976,137795990,AC
union_peak_9574,chr13,98691766,98692652,AC
union_peak_33366,chr9,119101944,119102921,AC
union_peak_25001,chr5,107694606,107695702,AC
union_peak_27467,chr6,125483293,125484077,AC
union_peak_6770,chr11,117245629,117246436,AC
union_peak_32983,chr9,100455973,100456486,AC
union_peak_8878,chr13,43246635,43247055,AC
union_peak_22599,chr4,88010347,88011110,AC
union_peak_7288,chr12,33158084,33158877,AC
union_peak_13366,chr16,49847359,49848159,AC
union_peak_11716,chr15,62145120,62146353,AC
union_peak_14939,chr17,48331991,48333283,AC
union_peak_5292,chr11,68726377,68727421,AC
union_peak_19282,chr2,127304347,127305193,AC
union_peak_26621,chr6,65537868,65539046,AC
union_peak_19903,chr2,167363001,167363762,AC
union_peak_30903,chr8,86888038,86888581,AC
union_peak_20397,chr3,37939804,37941121,AC
union_peak_9203,chr13,60935352,60937168,AC
union_peak_18843,chr2,90561866,90562432,AC
union_peak_23628,chr4,145305562,145306317,AC
union_peak_34054,chrX,101733754,101734422,AC
union_peak_18830,chr2,85013702,85014829,AC
union_peak_9201,chr13,60895456,60896484,AC
union_peak_12625,chr15,102147473,102148380,AC
union_peak_18838,chr2,90496140,90497291,AC
union_peak_24283,chr5,35819419,35820344,AC
union_peak_20975,chr3,94375022,94376010,AC
union_peak_1050,chr1,94042034,94042840,AC
union_peak_10696,chr14,68034928,68036177,AC
union_peak_2516,chr10,20119158,20120241,AC
union_peak_14486,chr17,31830499,31831441,AC
union_peak_14543,chr17,33563354,33564320,AC
union_peak_3097,chr10,67482950,67484153,AC
union_peak_1770,chr1,164935240,164936517,AC
union_peak_4534,chr11,21220487,21221274,AC
union_peak_11793,chr15,66788827,66789966,AC
union_peak_13411,chr16,52094558,52096052,AC
union_peak_30901,chr8,86870562,86871494,AC
union_peak_19344,chr2,128499237,128500440,AC
union_peak_26490,chr6,51059371,51060626,ABC
union_peak_14796,chr17,44555886,44557868,ABC
union_peak_28026,chr7,16024710,16025573,ABC
union_peak_3908,chr10,117055561,117056680,ABC
union_peak_12615,chr15,101485648,101486692,ABC
union_peak_24031,chr5,21043579,21044891,ABC
union_peak_29516,chr7,117393768,117394623,ABC
union_peak_6689,chr11,115646410,115647593,ABC
union_peak_11543,chr15,51729755,51731447,ABC
union_peak_32215,chr9,52069431,52071259,ABC
union_peak_32534,chr9,65881885,65882942,ABC
union_peak_16350,chr18,80684033,80685083,ABC
union_peak_1842,chr1,170861523,170862383,ABC
union_peak_9033,chr13,51676828,51677644,ABC
union_peak_276,chr1,40051416,40052995,ABC
union_peak_21347,chr3,107852676,107853969,ABC
union_peak_6477,chr11,106415831,106416989,ABC
union_peak_32258,chr9,56102760,56104815,ABC
union_peak_3129,chr10,68199165,68200093,ABC
union_peak_34305,chrX,164318152,164319145,ABC
union_peak_24214,chr5,32148183,32149328,ABC
union_peak_19332,chr2,128380390,128382175,ABC
union_peak_14381,chr17,29065172,29066626,ABC
union_peak_27379,chr6,122527218,122528221,ABC
union_peak_28680,chr7,48919039,48919914,ABC
union_peak_8087,chr12,104056777,104058101,ABC
union_peak_4320,chr11,4268074,4269142,ABC
union_peak_7224,chr12,25437994,25438904,ABC
union_peak_17041,chr19,32454632,32455522,ABC
union_peak_24203,chr5,31723607,31724723,ABC
union_peak_2546,chr10,21204355,21205619,ABC
union_peak_21684,chr3,138419005,138420750,ABC
union_peak_2398,chr10,14017237,14018677,ABC
union_peak_3256,chr10,77629534,77630412,ABC
union_peak_33358,chr9,118518822,118519717,ABC
union_peak_21145,chr3,100436456,100437466,ABC
union_peak_32014,chr9,42208439,42210150,ABC
union_peak_17471,chr19,56679156,56680281,ABC
union_peak_28627,chr7,45770567,45771818,ABC
union_peak_5272,chr11,67526403,67527605,ABC
union_peak_11749,chr15,64075085,64076301,ABC
union_peak_24384,chr5,53393375,53394748,ABC
union_peak_20471,chr3,52296965,52298164,ABC
union_peak_28826,chr7,66383699,66384996,ABC
union_peak_17665,chr2,9801210,9802387,ABC
union_peak_16891,chr19,18602850,18603521,ABC
union_peak_24455,chr5,64471782,64472844,ABC
union_peak_34297,chrX,163994993,163995890,ABC
union_peak_1241,chr1,130993266,130994486,ABC
union_peak_6354,chr11,101661726,101662284,ABC
union_peak_13356,chr16,49771945,49773466,ABC
union_peak_18998,chr2,103754362,103755320,ABC
union_peak_22011,chr4,11720874,11722142,ABC
union_peak_18969,chr2,102899632,102901516,ABC
union_peak_17405,chr19,53394928,53396158,ABC
union_peak_18568,chr2,69380074,69381856,ABC
union_peak_17010,chr19,30113001,30113932,ABC
union_peak_24696,chr5,77165773,77167000,ABC
union_peak_1496,chr1,144355166,144356358,ABC
union_peak_15697,chr18,23828145,23829413,ABC
union_peak_15134,chr17,64617472,64618411,ABC
union_peak_2906,chr10,51490360,51491266,ABC
union_peak_21701,chr3,139063944,139065216,ABC
union_peak_865,chr1,85953079,85954038,ABC
union_peak_20000,chr2,172390109,172391158,ABC
union_peak_6605,chr11,110918819,110919788,ABC
union_peak_14676,chr17,35246001,35246794,ABC
union_peak_2386,chr10,13831923,13833530,ABC
union_peak_9085,chr13,52913783,52914832,ABC
union_peak_24305,chr5,36839389,36840822,ABC
union_peak_33054,chr9,106177561,106178400,ABC
union_peak_31098,chr8,106292151,106293038,ABC
union_peak_23622,chr4,145263698,145264880,ABC
union_peak_2743,chr10,39505458,39507021,ABC
union_peak_33679,chrX,13651967,13652730,ABC
union_peak_10755,chr14,72777704,72778718,ABC
union_peak_19331,chr2,128377612,128379137,ABC
union_peak_3188,chr10,75434126,75435109,ABC
union_peak_5480,chr11,74954640,74955669,ABC
union_peak_17407,chr19,53407084,53408728,ABC
union_peak_20495,chr3,52703095,52704299,ABC
union_peak_27585,chr6,129627080,129628283,ABC
union_peak_21724,chr3,142546435,142547151,ABC
union_peak_33347,chr9,118357002,118358177,ABC
union_peak_30129,chr8,13598838,13599326,ABC
union_peak_12022,chr15,78510127,78511321,ABC
union_peak_17333,chr19,46612577,46613683,ABC
union_peak_14800,chr17,44608647,44609692,ABC
union_peak_22778,chr4,106598196,106599316,ABC
union_peak_7201,chr12,25241231,25242323,ABC
union_peak_27622,chr6,131372596,131373812,ABC
union_peak_18344,chr2,45018320,45019652,ABC
union_peak_2744,chr10,39514423,39515443,ABC
union_peak_27908,chr7,3452565,3453699,ABC
union_peak_14801,chr17,44612270,44612869,ABC
union_peak_8933,chr13,45692900,45694439,ABC
union_peak_27205,chr6,113672818,113673520,ABC
union_peak_8108,chr12,106016062,106017016,ABC
union_peak_8731,chr13,30691614,30693531,ABC
union_peak_15438,chr17,84435262,84436498,ABC
union_peak_23794,chr4,151005583,151007043,ABC
union_peak_33523,chr9,124145453,124147011,ABC
union_peak_16157,chr18,67307555,67308992,ABC
union_peak_23784,chr4,150894194,150895148,ABC
union_peak_151,chr1,34851456,34852964,ABC
union_peak_4094,chr10,122727158,122728820,ABC
union_peak_28396,chr7,30401965,30403091,ABC
union_peak_2904,chr10,51479966,51481084,ABC
union_peak_3122,chr10,68039631,68040497,ABC
union_peak_30259,chr8,25653323,25654470,ABC
union_peak_16219,chr18,70631875,70634141,ABC
union_peak_31495,chr8,125044049,125045008,ABC
union_peak_32397,chr9,61377405,61378351,ABC
union_peak_26474,chr6,50387278,50388182,ABC
union_peak_15658,chr18,14653510,14654501,ABC
union_peak_16917,chr19,21771333,21772326,ABC
union_peak_32607,chr9,69304310,69305073,ABC
union_peak_8941,chr13,45866911,45867624,ABC
union_peak_2903,chr10,51453330,51455089,ABC
union_peak_1437,chr1,138587629,138588469,ABC
union_peak_20767,chr3,84679767,84682081,ABC
union_peak_3565,chr10,88405411,88406598,ABC
union_peak_15640,chr18,12634219,12635254,ABC
union_peak_8006,chr12,100871149,100872083,ABC
union_peak_26788,chr6,82752874,82754142,ABC
union_peak_20807,chr3,87523479,87524465,ABC
union_peak_24036,chr5,21212681,21214608,ABC
union_peak_16224,chr18,73548057,73549165,ABC
union_peak_4761,chr11,46125306,46126968,ABC
union_peak_20307,chr3,30863649,30864497,ABC
union_peak_19355,chr2,129185488,129186682,ABC
union_peak_2144,chr1,184534036,184535077,ABC
union_peak_30099,chr8,10480386,10481648,ABC
union_peak_8089,chr12,104066319,104067964,ABC
union_peak_5868,chr11,86647478,86648193,ABC
union_peak_16711,chr19,9116086,9117058,ABC
union_peak_32118,chr9,45058369,45058887,ABC
union_peak_16921,chr19,21865614,21867186,ABC
union_peak_3025,chr10,61334193,61335348,ABC
union_peak_3450,chr10,81509825,81510731,ABC
union_peak_20253,chr3,21125713,21126859,ABC
union_peak_23629,chr4,145312122,145313095,ABC
union_peak_16890,chr19,18597888,18599814,ABC
union_peak_27475,chr6,127102717,127103636,ABC
union_peak_23392,chr4,135077034,135077693,ABC
union_peak_3563,chr10,88380170,88381312,ABC
union_peak_5785,chr11,83534221,83535776,ABC
union_peak_25641,chr5,135537233,135538618,ABC
union_peak_4973,chr11,53809981,53810824,ABC
union_peak_18301,chr2,38535911,38537193,ABC
union_peak_29009,chr7,79262126,79262996,ABC
union_peak_31881,chr9,32651812,32652824,ABC
union_peak_7216,chr12,25359410,25360729,ABC
union_peak_1897,chr1,171648440,171649465,ABC
union_peak_32255,chr9,56082628,56083847,ABC
union_peak_14895,chr17,47292870,47293961,ABC
union_peak_4152,chr10,127300450,127301486,ABC
union_peak_29958,chr7,140981614,140983401,ABC
union_peak_15912,chr18,39281584,39282852,ABC
union_peak_31205,chr8,111954750,111955697,ABC
union_peak_24960,chr5,105839677,105840683,ABC
union_peak_6742,chr11,116439102,116440551,ABC
union_peak_33516,chr9,124102845,124103920,ABC
union_peak_3538,chr10,85352328,85353159,ABC
union_peak_30899,chr8,86856025,86856886,ABC
union_peak_19962,chr2,168580054,168580967,ABC
union_peak_24385,chr5,53400895,53403089,ABC
union_peak_412,chr1,52374236,52375820,ABC
union_peak_1981,chr1,173912021,173913496,ABC
union_peak_22015,chr4,11793570,11795159,ABC
union_peak_21677,chr3,137953465,137956245,ABC
union_peak_12051,chr15,78834893,78835784,ABC
union_peak_25156,chr5,114135231,114135758,ABC
union_peak_9475,chr13,93762758,93763500,ABC
union_peak_14687,chr17,35392150,35393252,ABC
union_peak_21725,chr3,142549756,142550957,ABC
union_peak_28031,chr7,16055352,16056100,ABC
union_peak_826,chr1,82836336,82836946,ABC
union_peak_7214,chr12,25338256,25339415,ABC
union_peak_5786,chr11,83536312,83537477,ABC
union_peak_5861,chr11,86595286,86596093,ABC
union_peak_15642,chr18,12640238,12640834,ABC
union_peak_25378,chr5,122429900,122431184,ABC
union_peak_18963,chr2,102812544,102813430,ABC
union_peak_24201,chr5,31713469,31714467,ABC
union_peak_32495,chr9,64797135,64798007,ABC
union_peak_2740,chr10,39486294,39487301,ABC
union_peak_8386,chr12,118422994,118423838,ABC
union_peak_395,chr1,52039280,52040963,ABC
union_peak_6723,chr11,116254404,116256321,ABC
union_peak_20695,chr3,75929761,75930752,ABC
union_peak_613,chr1,61030085,61031183,ABC
union_peak_19543,chr2,151571726,151572632,ABC
union_peak_53,chr1,13382050,13383919,ABC
union_peak_3864,chr10,111232802,111235007,ABC
union_peak_7429,chr12,55392223,55393155,ABC
union_peak_4792,chr11,46466605,46467349,ABC
union_peak_3995,chr10,118440374,118442494,ABC
union_peak_21112,chr3,96881128,96882886,ABC
union_peak_8767,chr13,33071406,33072662,ABC
union_peak_29960,chr7,140998767,140999771,ABC
union_peak_17923,chr2,25912806,25913767,ABC
union_peak_27238,chr6,115693015,115694439,ABC
union_peak_13375,chr16,49969705,49970987,ABC
union_peak_18745,chr2,78977525,78978495,ABC
union_peak_10745,chr14,70795883,70796585,ABC
union_peak_13373,chr16,49935637,49938240,ABC
union_peak_26141,chr6,29245528,29246851,ABC
union_peak_24570,chr5,66190593,66191402,ABC
union_peak_19594,chr2,153350601,153351312,ABC
union_peak_18925,chr2,93452843,93453769,ABC
union_peak_23363,chr4,134547038,134548176,ABC
union_peak_15619,chr18,11235556,11236833,ABC
union_peak_1941,chr1,172305898,172306660,ABC
union_peak_26195,chr6,31071801,31072939,ABC
union_peak_24687,chr5,77091449,77092884,ABC
union_peak_3994,chr10,118434974,118436152,ABC
union_peak_9477,chr13,93770722,93772562,ABC
union_peak_22323,chr4,46580754,46581400,ABC
union_peak_4331,chr11,4803627,4805133,ABC
union_peak_21449,chr3,116629855,116630895,ABC
union_peak_9581,chr13,98832224,98833327,ABC
union_peak_286,chr1,40385894,40386843,ABC
union_peak_1029,chr1,92805251,92807443,ABC
union_peak_1435,chr1,138559162,138561196,ABC
union_peak_9476,chr13,93764381,93765269,ABC
union_peak_29799,chr7,128130446,128131186,ABC
union_peak_15300,chr17,79379071,79380137,ABC
union_peak_13016,chr16,27349073,27350556,ABC
union_peak_15698,chr18,23841658,23843410,ABC
union_peak_5869,chr11,86652194,86653590,ABC
union_peak_32609,chr9,69313965,69315177,ABC
union_peak_4893,chr11,51837314,51838266,ABC
union_peak_22496,chr4,62629603,62630596,ABC
union_peak_6736,chr11,116397529,116398625,ABC
union_peak_3176,chr10,75301325,75302429,ABC
union_peak_27153,chr6,108660076,108660867,ABC
union_peak_22096,chr4,32126240,32127616,ABC
union_peak_24945,chr5,105608974,105610278,ABC
union_peak_32222,chr9,53429693,53430700,ABC
union_peak_25910,chr5,147158920,147159950,ABC
union_peak_14671,chr17,35222295,35222980,ABC
union_peak_8932,chr13,45648831,45649880,ABC
union_peak_7121,chr12,17372504,17374122,ABC
union_peak_473,chr1,54660244,54661376,ABC
union_peak_14694,chr17,35437362,35438103,ABC
union_peak_1682,chr1,160842200,160843571,ABC
union_peak_2117,chr1,182432034,182433615,ABC
union_peak_27548,chr6,129218587,129220546,ABC
union_peak_31351,chr8,120715109,120717171,ABC
union_peak_4267,chr11,3153638,3154654,ABC
union_peak_14412,chr17,29502806,29503781,ABC
union_peak_29909,chr7,137476218,137477201,ABC
union_peak_16754,chr19,10815651,10816706,ABC
union_peak_28158,chr7,19855197,19856291,ABC
union_peak_3233,chr10,76542330,76543607,ABC
union_peak_31991,chr9,41143180,41144652,ABC
union_peak_21619,chr3,133582779,133584264,ABC
union_peak_27903,chr7,3289404,3290763,ABC
union_peak_33008,chr9,102572711,102573550,ABC
union_peak_4935,chr11,52293966,52294799,ABC
union_peak_28823,chr7,66300960,66302156,ABC
union_peak_26373,chr6,47559686,47561523,ABC
union_peak_8216,chr12,111180831,111183091,ABC
union_peak_2735,chr10,39455755,39456935,ABC
union_peak_15524,chr17,88111785,88113973,ABC
union_peak_22653,chr4,89310602,89311541,ABC
union_peak_14795,chr17,44463381,44464195,ABC
union_peak_9229,chr13,63245745,63247150,ABC
union_peak_7986,chr12,100480153,100481333,ABC
union_peak_5178,chr11,60935010,60936010,ABC
union_peak_28340,chr7,28820419,28821630,ABC
union_peak_20800,chr3,87214582,87215942,ABC
union_peak_9990,chr14,20173638,20175097,ABC
union_peak_16152,chr18,67258163,67258779,ABC
union_peak_29008,chr7,79249239,79250329,ABC
union_peak_16031,chr18,56733694,56734603,ABC
union_peak_3569,chr10,88427507,88428653,ABC
union_peak_29275,chr7,100448332,100449589,ABC
union_peak_21636,chr3,135527433,135528355,ABC
union_peak_3024,chr10,61326890,61328667,ABC
union_peak_5800,chr11,83636759,83637259,ABC
union_peak_23235,chr4,132748564,132749546,ABC
union_peak_2939,chr10,57835058,57835954,ABC
union_peak_10791,chr14,73475964,73477026,ABC
union_peak_20766,chr3,84678709,84679505,ABC
union_peak_6091,chr11,96912564,96913278,ABC
union_peak_32611,chr9,69335777,69336810,ABC
union_peak_5804,chr11,83661899,83663763,ABC
union_peak_27155,chr6,108665549,108666282,ABC
union_peak_27154,chr6,108661369,108661945,ABC
union_peak_12036,chr15,78591527,78592512,ABC
union_peak_16159,chr18,67440831,67441740,ABC
union_peak_12326,chr15,88890696,88891901,ABC
union_peak_22660,chr4,89688210,89690100,ABC
union_peak_21696,chr3,138893300,138894338,ABC
union_peak_8951,chr13,45917030,45917896,ABC
union_peak_1465,chr1,143465271,143466743,ABC
union_peak_25245,chr5,117159672,117161133,ABC
union_peak_13502,chr16,58545613,58546909,ABC
union_peak_3696,chr10,95299276,95300909,ABC
union_peak_23498,chr4,137603075,137604481,ABC
union_peak_8880,chr13,43260951,43262298,ABC
union_peak_33354,chr9,118416060,118417258,ABC
union_peak_7289,chr12,33159804,33160971,ABC
union_peak_8480,chr13,12498909,12499882,ABC
union_peak_17666,chr2,9866866,9867897,ABC
union_peak_2372,chr10,12963033,12964919,ABC
union_peak_22796,chr4,107005674,107006942,ABC
union_peak_27388,chr6,122758357,122759360,ABC
union_peak_10529,chr14,59552907,59554057,ABC
union_peak_23624,chr4,145278037,145278878,ABC
union_peak_29750,chr7,127278262,127278767,ABC
union_peak_18742,chr2,78959613,78961753,ABC
union_peak_16830,chr19,12478915,12479783,ABC
union_peak_22013,chr4,11771380,11772384,ABC
union_peak_67,chr1,13639072,13640190,ABC
union_peak_9460,chr13,93093535,93095786,ABC
union_peak_10638,chr14,65102155,65103033,ABC
union_peak_5459,chr11,73131850,73133117,ABC
union_peak_14672,chr17,35230821,35231690,ABC
union_peak_23534,chr4,139199053,139200554,ABC
union_peak_616,chr1,61049897,61050733,ABC
union_peak_29543,chr7,118294381,118295430,ABC
union_peak_32834,chr9,86623781,86625278,ABC
union_peak_13223,chr16,38395778,38396715,ABC
union_peak_24803,chr5,96199610,96200879,ABC
union_peak_31846,chr9,27043713,27044535,ABC
union_peak_26881,chr6,86608966,86609793,ABC
union_peak_7221,chr12,25393873,25394982,ABC
union_peak_10698,chr14,68050361,68051949,ABC
union_peak_22500,chr4,62678946,62679833,ABC
union_peak_23623,chr4,145274739,145275795,ABC
union_peak_21808,chr3,152149093,152150198,ABC
union_peak_11066,chr14,120519589,120521284,ABC
union_peak_5840,chr11,86077422,86078632,ABC
union_peak_6737,chr11,116405911,116407162,ABC
union_peak_15108,chr17,57182763,57183587,ABC
union_peak_1449,chr1,138954683,138955359,ABC
union_peak_6107,chr11,97103244,97104698,ABC
union_peak_10746,chr14,70798313,70799224,ABC
union_peak_26197,chr6,31080925,31081885,ABC
union_peak_30898,chr8,86852582,86854312,ABC
union_peak_4898,chr11,51874103,51875308,ABC
union_peak_17207,chr19,41382248,41383093,ABC
union_peak_8380,chr12,118371698,118372427,ABC
union_peak_10052,chr14,25161441,25162629,ABC
union_peak_11472,chr15,37461014,37461681,ABC
union_peak_7215,chr12,25350420,25351753,ABC
union_peak_14288,chr17,27405148,27406359,ABC
union_peak_10829,chr14,75192060,75193408,ABC
union_peak_13371,chr16,49906778,49908428,ABC
union_peak_17582,chr2,3763888,3764696,ABC
union_peak_22101,chr4,32179153,32180405,ABC
union_peak_10433,chr14,55097763,55098504,ABC
union_peak_16371,chr18,81422509,81423836,ABC
union_peak_18743,chr2,78972415,78973560,ABC
union_peak_16451,chr18,89304121,89305258,ABC
union_peak_11925,chr15,76273591,76275228,ABC
union_peak_29930,chr7,139971021,139971874,ABC
union_peak_12014,chr15,78449232,78450794,ABC
union_peak_29565,chr7,120703616,120704367,ABC
union_peak_10331,chr14,52342435,52343726,ABC
union_peak_32608,chr9,69305432,69306319,ABC
union_peak_31584,chr8,128645234,128647346,ABC
union_peak_8762,chr13,32981658,32983561,ABC
union_peak_5285,chr11,68442187,68443600,ABC
union_peak_10604,chr14,63193628,63195898,ABC
union_peak_8107,chr12,106008159,106010508,ABC
union_peak_16826,chr19,12026305,12027491,ABC
union_peak_25128,chr5,113638966,113640006,ABC
union_peak_17208,chr19,41383793,41385108,ABC
union_peak_26560,chr6,54955625,54956855,ABC
union_peak_30494,chr8,57589332,57591292,ABC
union_peak_20389,chr3,37738010,37739086,ABC
union_peak_21438,chr3,116380013,116381147,ABC
union_peak_30136,chr8,13648779,13650015,ABC
union_peak_30896,chr8,86837050,86839460,ABC
union_peak_16314,chr18,79063501,79064937,ABC
union_peak_19217,chr2,122665452,122667066,ABC
union_peak_28801,chr7,66104383,66105314,ABC
union_peak_27164,chr6,108779797,108780716,ABC
union_peak_16889,chr19,18590731,18591897,ABC
union_peak_2739,chr10,39478990,39480271,ABC
union_peak_9762,chr13,112396342,112399268,ABC
union_peak_18746,chr2,78979823,78980941,ABC
union_peak_6556,chr11,108268364,108269181,ABC
union_peak_7200,chr12,25239813,25240950,ABC
union_peak_730,chr1,74200818,74201794,ABC
union_peak_28739,chr7,58824375,58825503,ABC
union_peak_10473,chr14,56261808,56263033,ABC
union_peak_5862,chr11,86606365,86607590,ABC
union_peak_13003,chr16,24504674,24505893,ABC
union_peak_8840,chr13,40923517,40924485,ABC
union_peak_11761,chr15,64237556,64238422,ABC
union_peak_1894,chr1,171628718,171630254,ABC
union_peak_27721,chr6,137581841,137582965,ABC
union_peak_32267,chr9,56272852,56274259,ABC
union_peak_25977,chr5,149593873,149594769,ABC
union_peak_3121,chr10,68035654,68036899,ABC
union_peak_89,chr1,16746715,16747866,ABC
union_peak_7123,chr12,17387731,17388599,ABC
union_peak_24386,chr5,53420663,53421919,ABC
union_peak_3956,chr10,117893987,117895093,ABC
union_peak_33517,chr9,124114030,124115724,ABC
union_peak_11387,chr15,31546212,31547561,ABC
union_peak_20263,chr3,21965304,21966228,ABC
union_peak_3838,chr10,108117789,108120125,ABC
union_peak_5802,chr11,83648622,83650298,ABC
union_peak_11345,chr15,27624985,27625975,ABC
union_peak_28678,chr7,48900109,48901374,ABC
union_peak_5860,chr11,86592666,86593649,ABC
union_peak_21789,chr3,146757817,146758940,ABC
union_peak_1447,chr1,138939499,138940550,ABC
union_peak_32494,chr9,64792615,64793765,ABC
union_peak_18350,chr2,45172562,45173420,ABC
union_peak_16939,chr19,24983634,24984997,ABC
union_peak_26308,chr6,39283565,39284423,ABC
union_peak_24802,chr5,96197396,96198133,ABC
union_peak_21660,chr3,136697628,136698666,ABC
union_peak_15908,chr18,39140435,39142276,ABC
union_peak_2336,chr10,8415211,8416425,ABC
union_peak_31574,chr8,128549312,128550533,ABC
union_peak_32950,chr9,96740137,96741435,ABC
union_peak_15907,chr18,39137364,39138107,ABC
union_peak_27584,chr6,129621668,129623338,ABC
union_peak_12626,chr15,102149932,102151202,ABC
union_peak_32606,chr9,69297337,69298700,ABC
union_peak_2476,chr10,19214664,19215343,ABC
union_peak_284,chr1,40380153,40381464,ABC
union_peak_15641,chr18,12636642,12637266,ABC
union_peak_25319,chr5,121178985,121180183,ABC
union_peak_10878,chr14,77886073,77887518,ABC
union_peak_29802,chr7,128137089,128138203,ABC
union_peak_27589,chr6,129678321,129681176,ABC
union_peak_18748,chr2,78995061,78997499,ABC
union_peak_26475,chr6,50393448,50394919,ABC
union_peak_299,chr1,40514749,40516904,ABC
union_peak_15643,chr18,12642715,12643657,ABC
union_peak_28419,chr7,30886970,30888205,ABC
union_peak_23591,chr4,141861702,141862621,ABC
union_peak_18337,chr2,44920357,44921905,ABC
union_peak_22927,chr4,117220253,117221340,ABC
union_peak_18992,chr2,103657721,103659801,ABC
union_peak_25134,chr5,113672171,113672839,ABC
union_peak_3225,chr10,76269827,76271984,ABC
union_peak_26548,chr6,54807195,54808011,ABC
union_peak_7195,chr12,25189052,25190888,ABC
union_peak_9630,chr13,101706146,101707915,ABC
union_peak_7718,chr12,79830660,79832017,ABC
union_peak_27211,chr6,114659654,114660983,ABC
union_peak_22008,chr4,11682670,11684733,ABC
union_peak_26601,chr6,58880626,58881949,ABC
union_peak_30265,chr8,25948254,25949607,ABC
union_peak_3567,chr10,88420087,88421331,ABC
union_peak_4470,chr11,17007207,17008728,ABC
union_peak_30920,chr8,88592271,88593338,ABC
union_peak_6047,chr11,95688143,95689620,ABC
union_peak_15892,chr18,38996671,38997522,ABC
union_peak_24942,chr5,105555615,105556864,ABC
union_peak_26658,chr6,67366791,67368665,ABC
union_peak_1413,chr1,138179889,138180632,ABC
union_peak_11471,chr15,37458076,37459737,ABC
union_peak_25235,chr5,115854391,115855259,ABC
union_peak_29894,chr7,135588247,135589294,ABC
union_peak_16973,chr19,29270541,29272533,ABC
union_peak_2738,chr10,39471213,39472074,ABC
union_peak_9803,chr13,113182926,113184005,ABC
union_peak_27108,chr6,100824060,100825307,ABC
union_peak_3678,chr10,94846772,94848956,ABC
union_peak_20709,chr3,79181306,79182883,ABC
union_peak_7102,chr12,16525790,16526786,ABC
union_peak_32689,chr9,73055009,73056482,ABC
union_peak_15894,chr18,39010315,39010916,ABC
union_peak_8838,chr13,40917001,40918497,ABC
union_peak_2627,chr10,26227918,26230177,ABC
union_peak_32007,chr9,42075980,42077099,ABC
union_peak_26471,chr6,50372292,50373436,ABC
union_peak_26660,chr6,67399077,67400320,ABC
union_peak_25351,chr5,122143276,122144170,ABC
union_peak_396,chr1,52052506,52053475,ABC
union_peak_9528,chr13,95986970,95988896,ABC
union_peak_8432,chr13,6634531,6635789,ABC
union_peak_296,chr1,40501292,40502535,ABC
union_peak_10067,chr14,25527303,25528124,ABC
union_peak_22320,chr4,46565000,46566101,ABC
union_peak_1493,chr1,144306663,144308833,ABC
union_peak_1963,chr1,173451027,173452523,ABC
union_peak_11120,chr14,121934415,121935142,ABC
union_peak_5274,chr11,67562999,67564842,ABC
union_peak_28576,chr7,45106951,45108175,ABC
union_peak_410,chr1,52363347,52364313,ABC
union_peak_27777,chr6,142861919,142862804,ABC
union_peak_6155,chr11,97821700,97822431,ABC
union_peak_6191,chr11,98471973,98472858,ABC
union_peak_7499,chr12,69510432,69511296,ABC
union_peak_9096,chr13,53064979,53066177,ABC
union_peak_28548,chr7,44741006,44741822,ABC
union_peak_25126,chr5,113620620,113621801,ABC
union_peak_27133,chr6,108278041,108279555,ABC
union_peak_23332,chr4,134047245,134048443,ABC
union_peak_394,chr1,52034454,52035747,ABC
union_peak_12355,chr15,93228799,93229772,ABC
union_peak_25908,chr5,147070284,147071612,ABC
union_peak_20560,chr3,59203474,59205254,ABC
union_peak_23238,chr4,132771609,132772227,ABC
union_peak_274,chr1,39986548,39987706,ABC
union_peak_22827,chr4,108349658,108350609,ABC
union_peak_2995,chr10,60038001,60039000,ABC
union_peak_3959,chr10,117909402,117910344,ABC
union_peak_28966,chr7,75714403,75715651,ABC
union_peak_29156,chr7,89252840,89254038,ABC
union_peak_32610,chr9,69319679,69320945,ABC
union_peak_27152,chr6,108657997,108659104,ABC
union_peak_7163,chr12,21437186,21438475,ABC
union_peak_5792,chr11,83568946,83570520,ABC
union_peak_15189,chr17,71287644,71288748,ABC
union_peak_16843,chr19,12805642,12806621,ABC
union_peak_27630,chr6,134066575,134068136,ABC
union_peak_2818,chr10,41984043,41984874,ABC
union_peak_287,chr1,40391285,40392557,ABC
union_peak_12661,chr15,103152433,103153602,ABC
union_peak_24409,chr5,62710339,62711295,ABC
union_peak_31430,chr8,123027605,123028876,ABC
union_peak_29253,chr7,99431978,99433076,ABC
union_peak_14175,chr17,24348961,24350072,ABC
union_peak_19953,chr2,168428629,168430248,ABC
union_peak_8876,chr13,43239649,43240542,ABC
union_peak_17206,chr19,41365324,41367569,ABC
union_peak_3732,chr10,96349933,96351508,ABC
union_peak_32914,chr9,95832330,95833471,ABC
union_peak_26787,chr6,82747255,82748548,ABC
union_peak_9801,chr13,113169815,113171116,ABC
union_peak_26519,chr6,52473744,52474653,ABC
union_peak_28041,chr7,16206835,16208096,ABC
union_peak_27371,chr6,122293838,122294512,ABC
union_peak_13206,chr16,36985088,36986259,ABC
union_peak_2736,chr10,39462348,39463293,ABC
union_peak_2435,chr10,18007693,18008960,ABC
union_peak_28440,chr7,31086142,31087861,ABC
union_peak_32140,chr9,45293975,45295040,ABC
union_peak_6113,chr11,97130129,97130968,ABC
union_peak_32263,chr9,56207338,56209513,ABC
union_peak_31731,chr9,20961102,20962176,ABC
union_peak_13870,chr16,97467769,97469023,ABC
union_peak_22647,chr4,89175318,89176298,ABC
union_peak_31080,chr8,105992006,105993215,ABC
union_peak_24635,chr5,73193606,73195333,ABC
union_peak_2817,chr10,41978218,41979865,ABC
union_peak_25706,chr5,137691297,137692503,ABC
union_peak_18755,chr2,79064902,79066308,ABC
union_peak_27522,chr6,128796069,128797148,ABC
union_peak_24848,chr5,100466273,100467446,ABC
union_peak_12851,chr16,17085188,17086843,ABC
union_peak_28808,chr7,66159444,66160771,ABC
union_peak_2737,chr10,39469190,39470691,ABC
union_peak_16175,chr18,67882564,67883734,ABC
union_peak_5744,chr11,82214040,82215017,ABC
union_peak_16993,chr19,29523358,29524461,ABC
union_peak_7504,chr12,69579434,69580399,ABC
union_peak_17631,chr2,6462013,6462960,ABC
union_peak_17406,chr19,53399078,53399880,ABC
union_peak_21896,chr4,6476192,6477095,ABC
union_peak_27765,chr6,142560608,142562019,ABC
union_peak_6197,chr11,98509503,98510506,ABC
union_peak_15553,chr18,4251705,4252962,ABC
union_peak_5580,chr11,77110690,77111891,ABC
union_peak_11575,chr15,53491519,53492821,ABC
union_peak_17399,chr19,53273023,53274082,ABC
union_peak_14696,chr17,35468278,35469869,ABC
union_peak_26345,chr6,41163083,41164454,ABC
union_peak_20563,chr3,59221834,59222969,ABC
union_peak_19456,chr2,143924226,143925358,ABC
union_peak_5565,chr11,76587650,76590236,ABC
union_peak_17138,chr19,37109266,37111266,ABC
union_peak_14953,chr17,50069816,50070773,ABC
union_peak_15314,chr17,80112390,80113466,ABC
union_peak_28503,chr7,38214478,38215843,ABC
union_peak_19253,chr2,126501878,126502767,ABC
union_peak_10077,chr14,25645579,25646754,ABC
union_peak_4253,chr10,130438610,130439856,ABC
union_peak_3571,chr10,88539729,88540961,ABC
union_peak_5791,chr11,83559898,83561130,ABC
union_peak_1492,chr1,144300374,144302212,ABC
union_peak_300,chr1,40523635,40524701,ABC
union_peak_22646,chr4,89161837,89163800,ABC
union_peak_26044,chr6,8648137,8649638,ABC
union_peak_22401,chr4,57305967,57307315,ABC
union_peak_7153,chr12,21225954,21226952,ABC
union_peak_15563,chr18,4347505,4348510,ABC
union_peak_12035,chr15,78588998,78590142,ABC
union_peak_9822,chr13,113828415,113829861,ABC
union_peak_4790,chr11,46452830,46455234,ABC
union_peak_17468,chr19,56450512,56451690,ABC
union_peak_5803,chr11,83657059,83658166,ABC
union_peak_27367,chr6,122268840,122270718,ABC
union_peak_18526,chr2,65195216,65195959,ABC
union_peak_17704,chr2,11359753,11361598,ABC
union_peak_313,chr1,43138339,43139750,ABC
union_peak_29914,chr7,139156489,139158008,ABC
union_peak_6750,chr11,116617181,116619016,ABC
union_peak_29660,chr7,126094737,126095774,ABC
union_peak_288,chr1,40392902,40394038,ABC
union_peak_16233,chr18,73764717,73765609,ABC
union_peak_3301,chr10,79690731,79692467,ABC
union_peak_10107,chr14,27192004,27193054,ABC
union_peak_20776,chr3,84825747,84826955,ABC
union_peak_6108,chr11,97108928,97109697,ABC
union_peak_31329,chr8,120049753,120051851,ABC
union_peak_2891,chr10,44820401,44822357,ABC
union_peak_34319,chrX,167037410,167038575,ABC
union_peak_24606,chr5,72212218,72213361,ABC
union_peak_30138,chr8,13662735,13663697,ABC
union_peak_16923,chr19,21912792,21914549,ABC
union_peak_20818,chr3,87840619,87841450,ABC
union_peak_34299,chrX,164012917,164014031,ABC
union_peak_214,chr1,37326622,37328085,ABC
union_peak_9847,chr13,115096842,115099620,ABC
union_peak_3010,chr10,60396440,60398100,ABC
union_peak_18270,chr2,35993940,35994952,ABC
union_peak_24048,chr5,21370169,21371155,ABC
union_peak_26911,chr6,87446886,87448324,ABC
union_peak_1559,chr1,153303824,153305182,ABC
union_peak_24620,chr5,72742745,72743835,ABC
union_peak_21827,chr3,152920013,152921115,ABC
union_peak_8763,chr13,32993177,32994076,ABC
union_peak_32491,chr9,64747732,64748880,ABC
union_peak_24647,chr5,73285377,73287334,ABC
union_peak_30714,chr8,77460993,77462140,ABC
union_peak_29913,chr7,139152371,139153138,ABC
union_peak_31082,chr8,106006918,106008073,ABC
union_peak_31363,chr8,121570331,121571628,ABC
union_peak_5795,chr11,83605170,83606557,ABC
union_peak_3534,chr10,85161232,85162507,ABC
union_peak_16276,chr18,75428251,75428821,ABC
union_peak_17741,chr2,13237019,13237916,ABC
union_peak_27159,chr6,108687586,108688923,ABC
union_peak_1852,chr1,170972012,170973461,ABC
union_peak_3308,chr10,79797258,79798789,ABC
union_peak_28928,chr7,74587037,74588131,ABC
union_peak_1424,chr1,138289124,138290703,ABC
union_peak_34274,chrX,159826150,159827054,ABC
union_peak_18973,chr2,102947902,102949087,ABC
union_peak_24039,chr5,21248598,21249652,ABC
union_peak_2584,chr10,22002613,22004149,ABC
union_peak_10262,chr14,47361315,47362601,ABC
union_peak_27107,chr6,100806851,100807936,ABC
union_peak_1854,chr1,170978537,170979448,ABC
union_peak_28824,chr7,66303384,66304413,ABC
union_peak_15893,chr18,39008570,39009617,ABC
union_peak_26343,chr6,41140428,41141866,ABC
union_peak_9793,chr13,113087314,113088539,ABC
union_peak_22698,chr4,98281894,98283102,ABC
union_peak_28695,chr7,51723534,51725069,ABC
union_peak_24568,chr5,66165565,66166475,ABC
union_peak_379,chr1,51569456,51571083,ABC
union_peak_23390,chr4,135066953,135068451,ABC
union_peak_10066,chr14,25522172,25522995,ABC
union_peak_16976,chr19,29340792,29342766,ABC
union_peak_1185,chr1,127637479,127638719,ABC
union_peak_27157,chr6,108671651,108673125,ABC
union_peak_27373,chr6,122302254,122303926,ABC
union_peak_3255,chr10,77626544,77627837,ABC
union_peak_13093,chr16,32207029,32207951,ABC
union_peak_33510,chr9,124038190,124039680,ABC
union_peak_29623,chr7,123217736,123219032,ABC
union_peak_15929,chr18,42589274,42591280,ABC
union_peak_27328,chr6,120452706,120453813,ABC
union_peak_27571,chr6,129405413,129406962,ABC
union_peak_373,chr1,51500918,51502020,ABC
union_peak_23428,chr4,135474926,135476272,ABC
union_peak_25124,chr5,113613106,113613831,ABC
union_peak_4467,chr11,16987418,16988559,ABC
union_peak_20627,chr3,65922262,65923655,ABC
union_peak_9792,chr13,113070493,113071971,ABC
union_peak_15460,chr17,86122766,86123820,ABC
union_peak_19357,chr2,129242993,129244459,ABC
union_peak_30017,chr7,142396339,142397271,ABC
union_peak_33385,chr9,120059059,120060453,ABC
union_peak_11797,chr15,66806082,66806933,ABC
union_peak_30921,chr8,88618342,88619826,ABC
union_peak_2420,chr10,17564900,17566862,ABC
union_peak_16339,chr18,80494829,80495918,ABC
union_peak_6550,chr11,108067937,108069157,ABC
union_peak_17478,chr19,56756045,56757214,ABC
union_peak_9159,chr13,56153256,56153933,ABC
union_peak_17340,chr19,46728515,46729665,ABC
union_peak_30675,chr8,72208529,72209417,ABC
union_peak_5799,chr11,83628471,83630217,ABC